输入文本,生成问题,参考问题,改写问题
"[['诛三计', '出品公司', '腾讯'], ['腾讯', '总部地点', '中国深圳']]",诛 三 计 的 出 品 公 司 的 总 部 在 哪 里 ？,诛三计的出品公司的总部在哪里？,请问诛三计的出品公司的总部在哪里？
"[['西蒙尼·米西罗利', '所属运动队', '雷吉纳足球俱乐部'], ['雷吉纳足球俱乐部', '主场', '格兰利奴球场']]",哪 里 是 西 蒙 尼 · 米 西 罗 利 的 所 属 运 动 队 的 主 场 ？,谁能告诉我西蒙尼·米西罗利的所属运动队的主场是哪里？,请问西蒙尼·米西罗利所属的雷吉纳足球俱乐部的主场是哪里？
"[['破头', '中文名', '坡头'], ['坡头', '土地总面积', '89平方公里']]",破 头 的 中 文 名 的 面 积 有 多 大 ？,破头的中文名的面积共有多少？,请问坡头的土地总面积是多少？
"[['青山镇', '邻靠', '水库村'], ['水库村', '养殖产业', '羊'], ['羊', '亚纲', '真兽亚纲']]",山 青 山 镇 的 邻 靠 的 养 殖 产 业 属 于 什 么 亚 纲 ？,山青山镇的邻靠的养殖产业是属于哪个亚纲的,请问青山镇邻近的水库村养殖的羊属于哪个亚纲？
"[['贝母属生物碱', '属性', '有机化合物'], ['有机化合物', '主要包括', '含碳化合物,碳氢化合物等']]",你 知 道 贝 母 属 生 物 碱 的 属 性 主 要 包 括 哪 些 吗 ？,你知道贝母属生物碱的属性主要包括哪些吗？,请问贝母属生物碱的主要属性包括哪些有机化合物？
"[['怦怦跳科学图画书第一辑', '出版社', '韩国'], ['韩国', '主要民族', '朝鲜族']]",怦 怦 跳 科 学 图 画 书 第 一 辑 的 出 版 社 有 哪 些 主 要 的 民 族 ？,请问怦怦跳科学图画书第一辑的出版社有哪些主要的民族？,请问怦怦跳科学图画书第一辑的出版社主要有哪些民族？
"[['太极饭', '主要原料', '乌米'], ['乌米', '主要为害部位', '作物顶部']]",太 极 饭 的 主 要 原 料 都 在 什 么 部 位 ？,太极饭的主要原料的主要为害部位是哪里？,太极饭的主要原料主要在作物的哪个部位？
"[['己亥杂诗·此去东山又北山', '作品出处', '己亥杂诗'], ['己亥杂诗', '作品风格', '著述,交游,爱国']]",己 亥 杂 诗 · 此 去 东 山 又 北 山 的 作 品 出 处 是 什 么 类 型 的 著 述 ？,己亥杂诗·此去东山又北山的作品出处是什么类型的作品呢？,请问《己亥杂诗·此去东山又北山》的作品出处属于哪一类著述？
"[['洗澡鸭', '问题', '塑化剂'], ['塑化剂', '危险性描述', '干扰人体内分泌']]",洗 澡 鸭 的 问 题 有 什 么 危 险 ？,请问洗澡鸭的问题有什么危险？,洗澡鸭的问题中，塑化剂有什么危险性？
"[['汉江集团是以汉江水利水电（集团）有限责任公司', '地区', '汉江'], ['汉江', '流域面积', '15.9万平方千米']]",汉 江 集 团 是 以 汉 江 水 利 水 电 （ 集 团 ） 有 限 责 任 公 司 的 地 区 有 多 大 ？,汉江集团是以汉江水利水电（集团）有限责任公司的地区有多大？,请问汉江集团的地区覆盖面积有多大？
"[['许博', '现效力球队', '石家庄永昌足球俱乐部'], ['石家庄永昌足球俱乐部', '总经理', '李霄鹏']]",请 问 许 博 的 现 效 力 球 队 的 总 经 理 是 谁 ？,谁是许博的现效力球队的总经理？,请问许博所在球队的总经理是谁？
"[['第一次世界大战：黄金版', '中文名', '第一次世界大战'], ['第一次世界大战', '伤亡情况', '协约国总士兵阵亡:,5,497,600同盟国总士兵阵亡:,3,382,500交战双方受伤总数：1000万左右平民死亡总数：6,493,000,同盟国总士兵阵亡:3,协约国总士兵阵亡:5,600,500']]",第 一 次 世 界 大 战 ： 黄 金 版 的 中 文 名 总 共 有 多 少 人 伤 亡 ？,请问第一次世界大战：黄金版的中文名总共有多少人伤亡？,请问第一次世界大战：黄金版的中文名字下，总共有多少士兵伤亡？
"[['广饶县卫生局', '下辖', '人民医院'], ['人民医院', '医院类型', '综合性医院']]",广 饶 县 卫 生 局 的 下 辖 是 什 么 类 型 的 ？,彭州市广饶县卫生局的下辖是什么类型的？,广饶县卫生局下属的医院是哪一种类型的医院？
"[['战争日志', '作者', '天权'], ['天权', '赤纬', '+57 01\' 57.3""']]",你 知 道 战 争 日 志 的 作 者 的 赤 纬 是 多 少 吗 ？,你知道战争日志的作者的赤纬是多少吗？,请问战争日志的作者的赤纬是多少度？
"[['守耕图卷', '作者', '唐寅'], ['唐寅', '号', '伯虎,子畏']]",老 子 守 耕 图 卷 的 作 者 的 号 是 什 么 ？,守耕图卷的作者号什么,请问唐寅，也就是《守耕图卷》的作者，他的号是什么？
"[['美丽梦乡', '谱曲', '阿筎那'], ['阿筎那', '出生日期', '10月12日'], ['10月12日', '后一天', '10月13日']]",谁 知 道 美 丽 梦 乡 的 谱 曲 的 出 生 日 期 的 后 一 天 是 哪 一 天 ？,谁知道美丽梦乡的谱曲的出生日期的后一天是什么时候？,请问，美丽梦乡的谱曲者阿筎那的出生日期是哪一天？那一天的后一天是哪一天呢？
"[['双氯苯唑青霉素', '中文别名', '双氯苯甲异恶唑青霉素'], ['双氯苯甲异恶唑青霉素', '别名', '双氯苯唑青霉素'], ['双氯苯唑青霉素', '中文别名', '双氯青霉素']]",请 问 双 氯 苯 唑 青 霉 素 的 中 文 别 名 的 别 名 又 叫 什 么 名 字 ？,双氯苯唑青霉素的中文别名的别名中文名字是什么？,请问双氯苯唑青霉素的中文别名的别名又是什么？
"[['微分方程', '发明人', '艾萨克·牛顿'], ['艾萨克·牛顿', '研究领域', '科学']]",微 分 方 程 的 发 明 人 的 研 究 领 域 是 什 么 ？,请说出微分方程的发明人的研究领域是什么？,微分方程的发明人艾萨克·牛顿的研究领域是什么？
"[['冰露饮用水', '出品公司', '可口可乐'], ['可口可乐', '副作用', '通常情况下无副作用']]",冰 露 饮 用 水 的 出 品 公 司 有 哪 些 副 作 用 ？,谁能告诉我冰露饮用水的出品公司有什么副作用吗？,冰露饮用水的出品公司有哪些副作用？
"[['鲁美嘉', '未婚夫', '小次郎'], ['小次郎', '搭档', '喵喵'], ['喵喵', '属性', '一般']]",鲁 美 嘉 的 未 婚 夫 的 搭 档 是 什 么 属 性 ？,鲁美嘉的未婚夫的搭档是什么属性？,鲁美嘉的未婚夫喵喵是什么属性？
"[['坦克世界R系', '所属系列', '坦克世界'], ['坦克世界', '开发商', 'Wargaming']]",坦 克 世 界 R 系 的 所 属 系 列 ： 将 军 由 哪 里 开 发 ？,坦克世界R系的所属系列：将军由哪里开发？,请问坦克世界R系所属的系列是由哪个公司开发的？
"[['熏衣草系列之漂浮的粉末', '作者', '宫野志保'], ['宫野志保', '配音', '日语版：林原惠美台配版：魏晶琦港配真人版：张颂欣,谢洁丽,语版：林原惠美,台配版：魏晶琦,港配真人版：张颂欣']]",熏 衣 草 系 列 之 漂 浮 的 粉 末 的 作 者 的 配 音 都 有 哪 些 ？,熏衣草系列之漂浮的粉末的作者的配音有谁？,熏衣草系列之漂浮的粉末的作者有哪些配音版本？
"[['血骨吞噬', '作者', '勾股定理'], ['勾股定理', '提出者', '毕达哥拉斯\xa0\xa0赵爽']]",血 骨 吞 噬 的 作 者 是 谁 提 出 的 ？,血骨吞噬的作者是谁提出的？,请问《血骨吞噬》的作者是谁提出的呢？
"[['辉长岩', '成分', '橄榄石'], ['橄榄石', '晶系', '斜方晶系']]",请 问 辉 长 岩 的 成 分 属 于 什 么 晶 系 ？,请问辉长岩的成分属于什么晶系？,请问辉长岩的成分属于什么晶系？
"[['体育健康知识画刊', '类别', '体育健康教育'], ['体育健康教育', '作者', '孙悦'], ['孙悦', '血型', 'a型']]",体 育 健 康 知 识 画 刊 的 类 别 的 作 者 是 什 么 血 型 的 ？,体育健康知识画刊的类别的作者的血型是a还是b？,请问体育健康知识画刊的作者孙悦是哪种血型的？
"[['马杜霉素', '注意事项', '泰妙菌素'], ['泰妙菌素', '分子量', '609.8']]",马 杜 霉 素 的 注 意 事 项 的 分 子 量 是 多 少 ？,马杜霉素的注意事项的分子量是多少？,马杜霉素的注意事项的分子量是多少？
"[['南毛北马之混乱时空', '作者', '连载中'], ['连载中', '中文名', '连载中']]",南 毛 北 马 之 混 乱 时 空 的 作 者 这 本 书 还 在 连 载 中 吗 ？,有人知道医统江山是南毛北马之混乱时空的作者还是已完结吗？,请问《南毛北马之混乱时空》的作者还在连载这本书吗？
"[['饶州', '所属地区', '南唐'], ['南唐', '主要城市', '光州'], ['光州', '市花', '潢川金桂']]",请 问 饶 州 的 所 属 地 区 的 主 要 城 市 的 市 花 是 什 么 啊 ？,请问饶州的所属地区的主要城市的市花是什么啊？,饶州所属的南唐地区的主要城市光州的市花是什么？
"[['宇野研一', '毕业院校', '东北大学'], ['东北大学', '现任校长', '赵继']]",请 问 宇 野 研 一 的 毕 业 院 校 现 在 的 校 长 是 谁 ？,你知道宇野研一的毕业院校现在的校长是谁吗？,宇野研一毕业于哪所大学，这所大学的现任校长是谁？
"[['阿筎那', '出生日期', '10月12日'], ['10月12日', '逝世名人', '张伯伦']]",你 知 道 阿 筎 那 的 出 生 日 期 逝 世 了 哪 个 名 人 吗 ？,你知道阿筎那的出生日期有哪个名人离世吗？,请问阿筎那的出生日期是哪一天，以及这一天逝世了哪位名人？
"[['饭店情景英语', '作者', '罗德'], ['罗德', '生日', '6月20日']]",谁 知 道 饭 店 情 景 英 语 的 作 者 是 哪 一 天 出 生 的 ？,饭店情景英语的作者是几月几日出生的？,请问罗德，也就是《饭店情景英语》的作者，是哪一天出生的？
"[['爱是永恒', '专辑歌手', '杨洋'], ['杨洋', '血型', 'O型']]",爱 是 永 恒 的 专 辑 歌 手 的 血 型 是 什 么 ？,爱是永恒的专辑歌手粉们，爱是永恒的专辑歌手是什么血型的啊,请问《爱是永恒》这张专辑的歌手杨洋的血型是什么？
"[['码头镇', '著名景点', '涿州影视城'], ['涿州影视城', '经营理念', '影视为表,旅游为里,文化为魂']]",码 头 镇 的 著 名 景 点 的 经 营 理 念 如 何 ？,码头镇的著名景点的经营理念如何？,码头镇的著名景点涿州影视城的经营理念是什么？
"[['胡永钢', '毕业院校', '山西大学'], ['山西大学', '学生人数', '15822人']]",胡 永 钢 的 毕 业 院 校 有 多 少 学 生 ？,胡永钢的毕业院校一共有多少学生？,胡永钢的毕业院校山西大学一共有多少学生？
"[['天师长袍', '来源', '热血传奇'], ['热血传奇', '运营方式', '分时间收费区和道具消费区']]",天 师 长 袍 的 来 源 拥 有 怎 样 的 运 营 方 式 ？,天师长袍的来源拥有怎样的运营方式？,天师长袍的来源拥有怎样的运营方式？
"[['自动抄表', '构成', '电能表'], ['电能表', '本质', '测量电能的仪表']]",请 问 自 动 抄 表 的 构 成 的 本 质 是 什 么 ？,请问自动抄表的构成的本质是什么？,请问自动抄表的构成本质是什么？
"[['提亚马特', '登场作品', '永恒之塔'], ['永恒之塔', '发行商', '盛大游戏']]",提 亚 马 特 的 登 场 作 品 的 运 营 商 是 什 么 ？,提亚马特的登场作品的运营商是什么？,请问提亚马特的登场作品的发行商是谁？
"[['石家庄市动物卫生监督所', '隶属', '石家庄市畜牧水产局'], ['石家庄市畜牧水产局', '职责调整', '加强对牧渔业投入品的监管监测。']]",石 家 庄 市 动 物 卫 生 监 督 所 的 隶 属 调 整 了 什 么 职 责 ？,请问石家庄市动物卫生监督所的隶属的职责调整为？,石家庄市动物卫生监督所的职责调整了哪些方面？
"[['党员干部教育读本', '作者', '王宁'], ['王宁', '职业', '演员']]",党 员 干 部 教 育 读 本 的 作 者 是 从 事 什 么 职 业 的 ？,党员干部教育读本的作者是做什么的？,请问《党员干部教育读本》的作者是从事什么职业的？
"[['无环鸟苷软膏', '活性成分', '阿昔洛韦'], ['阿昔洛韦', '不良反应', '皮肤瘙痒或荨麻疹。,皮肤瘙痒或荨麻疹']]",无 环 鸟 苷 软 膏 的 活 性 成 分 有 什 么 不 良 反 应 ？,服用无环鸟苷软膏的活性成分会造成什么不良反应？,无环鸟苷软膏的活性成分阿昔洛韦有哪些不良反应？
"[['李琬', '别名', '李滉'], ['李滉', '中文名', '李滉']]",你 知 道 李 琬 的 别 名 的 中 文 名 是 什 么 吗 ？,请问李琬的别名翻译成朝鲜汉字是什么？,请问李琬的别名的中文名是什么？
"[['人生特别档案', '主演', '丹江'], ['丹江', '别称', '丹河'], ['丹河', '古称', '丹水']]",人 生 特 别 档 案 的 主 演 的 别 称 古 代 称 什 么 ？,人生特别档案的主演的别称古代称什么？,请问《人生特别档案》的主演丹江的别称和古称是什么？
"[['浮山剪纸', '种类', '礼花'], ['礼花', '应用范围', '节日助兴']]",你 知 道 浮 山 剪 纸 的 种 类 应 用 在 哪 里 吗 ？,浮山剪纸的种类应用在哪个方面？,浮山剪纸的种类应用在哪个方面？
"[['上议院', '类型', '议会'], ['议会', '中文名', '议会']]",请 问 上 议 院 的 类 型 是 什 么 性 质 ？,请问缅甸联邦上议院的类型是什么性质？,请问上议院的性质是什么？
"[['王者的智慧', '作者', '王健'], ['王健', '职务', '教授']]",王 者 的 智 慧 的 作 者 是 什 么 职 位 ？,你知道王者的智慧的作者的职务是什么吗？,请问《王者的智慧》的作者是做什么的？
"[['伊芙丽服饰', '中文名称', '伊芙丽'], ['伊芙丽', '源于', 'Elegant I,Faith I,Natural I']]",伊 芙 丽 服 饰 的 中 文 名 称 起 源 于 哪 里 ？,请问伊芙丽服饰的中文名称起源于哪里？,伊芙丽服饰的中文名称起源于哪里？
"[['GNSPRO', '中文名称', '冠思铂'], ['冠思铂', '源于', '香港']]",请 问 GNSPRO 的 中 文 名 称 起 源 于 哪 里 ？,GNSPRO的中文名称源于哪里？,请问GNSPRO的中文名称起源于哪里？
"[['Boko Haram', '中文名', '博科圣地'], ['博科圣地', '领导人', '阿布巴卡尔·谢考']]",Boko Haram 的 中 文 名 的 领 导 人 是 谁 ？,谁是Boko Haram的中文名的领导人？,Boko Haram 的中文名字的领导人是谁？
"[['优姿品', '主营', '脂肪发酵素'], ['脂肪发酵素', '作用', '代谢'], ['代谢', '英文', '(v.) metabolize,\xa0 metabolism']]",优 姿 品 的 主 营 的 作 用 的 英 文 怎 么 说 ？,优姿品的主营的作用的英文怎么说？,请问优姿品主营的脂肪发酵素在英文中如何表达？
"[['人人斑竹网', '性质', '网络营销平台'], ['网络营销平台', '是指', '网站']]",什 么 事 人 人 斑 竹 网 的 性 质 ？,什么事人人斑竹网的性质？,人人斑竹网是什么性质的平台？
"[['色列斯', '国籍', '罗马'], ['罗马', '火车站', '罗马中央火车站,罗马蒂泊蒂娜火车站']]",有 人 知 道 色 列 斯 的 国 籍 有 什 么 火 车 站 吗 ？,色列斯的国籍有什么火车站？,请问罗马有哪些火车站？
"[['山东齐利得重工机械有限公司', '经营范围', '桥式'], ['桥式', '词意', '一种瑜伽动作']]",山 东 齐 利 得 重 工 机 械 有 限 公 司 的 经 营 范 围 的 词 意 是 什 么 ？,请问山东齐利得重工机械有限公司的经营范围的意思是什么？,山东齐利得重工机械有限公司的经营范围指的是什么？
"[['球水母', '地区', '东海'], ['东海', '平均水深', '349米']]",请 问 球 水 母 的 地 区 平 均 有 多 深 ？,请问球水母的地区平均有多深？,请问球水母所在的地区平均水深是多少米？
"[['奇侠', '主要角色', '独孤'], ['独孤', '出自', '刘姓'], ['刘姓', '主要分布', '日本']]",奇 侠 的 主 要 角 色 的 出 自 都 在 哪 些 地 方 有 ？,请问奇侠的主要角色的出自都在哪些地方有？,奇侠的主要角色独孤出自哪里，主要分布在哪里？
"[['咖啡馆', '建立者', '土耳其人'], ['土耳其人', '文字', '拉丁字母']]",咖 啡 馆 的 建 立 者 用 什 么 文 字 ？,咖啡馆的建立者用什么文字？,请问咖啡馆的建立者使用的是哪种文字？
"[['称霸天下', '发行商', '动网先锋网络科技有限公司'], ['动网先锋网络科技有限公司', '合作伙伴', '360安全卫士'], ['360安全卫士', '软件类型', '安全杀毒软件']]",称 霸 天 下 的 发 行 商 的 合 作 伙 伴 使 用 什 么 软 件 ？,你了解称霸天下的发行商的合作伙伴这款软件属于什么类型吗？,请问发行商为称霸天下的动网先锋网络科技有限公司的合作伙伴使用的是哪种类型的软件？
"[['哈莱王后', '登场作品', '巴啦啦小魔仙之奇迹舞步'], ['巴啦啦小魔仙之奇迹舞步', '角色设计', '凌美琪'], ['凌美琪', '饰演者', '孙圳,赵今麦,周利书']]",请 问 哈 莱 王 后 的 登 场 作 品 的 角 色 设 计 都 演 过 哪 些 角 色 呀 ？,我想知道哈莱王后的登场作品的角色设计都演过哪些角色呀？,哈莱王后出演过哪些角色呢？
"[['霸王别姬', '出品公司', '上海市文化广播影视管理局'], ['上海市文化广播影视管理局', '公司名称', '上海市文化广播影视管理局']]",霸 王 别 姬 的 出 品 公 司 的 名 称 叫 什 么 ？,霸王别姬的出品公司的官方外网首页叫什么？,请问《霸王别姬》的出品公司名称是什么？
"[['海南国际旅游岛', '民族', '黎族'], ['黎族', '所在地区', '海南省']]",海 南 国 际 旅 游 岛 的 民 族 在 哪 里 ？,你知道海南国际旅游岛的民族在哪里吗？,请问海南国际旅游岛的民族主要分布在哪个地区？
"[['卡通成语故事（上、下册）', '副标题', '完璧归赵'], ['完璧归赵', '发生地点', '秦国']]",卡 通 成 语 故 事 （ 上 、 下 册 ） 的 副 标 题 发 生 在 什 么 地 方 ？,卡通成语故事（上、下册）的副标题 发生在什么地方？,卡通成语故事（上、下册）的副标题发生在哪里？
"[['布依族', '节日', '三月三'], ['三月三', '节日饮食', '五色糯米饭']]",请 问 布 依 族 的 节 日 有 什 么 饮 食 习 惯 ？,布依族的节日有什么饮食习惯？,布依族的节日有哪些饮食传统？
"[['莱维斯曼动作', '代表', '武直-10'], ['武直-10', '服役', '2012年11月18日']]",你 知 道 莱 维 斯 曼 动 作 的 代 表 服 役 了 多 久 吗 ？,莱维斯曼动作的代表什么时候开始服役的？,莱维斯曼动作的代表武直-10是从哪一年开始服役的？
"[['活色生香', '其它译名', '蝶香'], ['蝶香', '接档', '武媚娘传奇'], ['武媚娘传奇', '首播时间', '2014年12月21日']]",活 色 生 香 的 其 它 译 名 的 接 档 什 么 时 候 开 播 的 ？,活色生香的其它译名的接档什么时候开播的？,活色生香的其它译名接档的电视剧是哪一部，它什么时候开始播放的？
"[['拒入黑道：和不良少年战斗的日子', '作者', '抚琴的人'], ['抚琴的人', '签约网站', '磨铁中文网\xa0创世中文网\xa0黑岩阅读']]",请 问 拒 入 黑 道 ： 和 不 良 少 年 战 斗 的 日 子 的 作 者 签 约 了 什 么 网 站 ？,拒入黑道：和不良少年战斗的日子的作者签约了什么网站？,请问《拒入黑道：和不良少年战斗的日子》的作者是签约了哪些网站呢？
"[['上海臣唐广告有限公司', '经营范围', '广告'], ['广告', '本质', '为了某种目的,广泛的传递信息']]",上 海 臣 唐 广 告 有 限 公 司 的 经 营 范 围 的 本 质 是 什 么 ？,谁能告诉我上海臣唐广告有限公司的经营范围的本质是什么？,请问上海臣唐广告有限公司的经营范围的本质是什么？
"[['前卫风格家居', '代表', '藤制家具'], ['藤制家具', '优点', '环保']]",前 卫 风 格 家 居 的 代 表 有 哪 些 优 点 ？,前卫风格家居的代表有什么优势吗？,前卫风格家居的代表有哪些优点？
"[['冀馆春夕见月', '作者', '宋朝'], ['宋朝', '主要城市', '西京河南府,北京大名府,南京应天府\xa0,临安,西京（今洛阳）,北京（今大名）,建康,南京（今商丘）']]",冀 馆 春 夕 见 月 的 作 者 主 要 有 哪 些 城 市 ？,冀馆春夕见月的作者主要都有哪些城市？,冀馆春夕见月的作者主要活动在哪些城市？
"[['LOVE', '中文名', '爱'], ['爱', '制片地区', '大陆']]",爱 的 中 文 名 是 在 哪 里 发 行 的 ？,LOVE的中文名上星期六属于哪里的？,请问爱的中文名是在哪里发行的？
"[['宁俞', '别名', '宁武子'], ['宁武子', '原文', '子曰：“宁武子(1)']]",宁 俞 的 别 名 的 原 文 是 什 么 ？,宁俞的别名的原文是什么？,请问宁俞的别名在原文中的表述是什么？
"[['殷离', '父亲', '殷野王'], ['殷野王', '所处时代', '元末']]",殷 离 的 父 亲 处 于 什 么 时 代 ？,殷离的父亲 处于什么时代？,请问殷离的父亲殷野王是处于哪个时代的？
"[['莽山铁烙头蛇', '种', '莽山烙铁头'], ['莽山烙铁头', '命名人', '陈远辉\xa0赵尔宓']]",莽 山 铁 烙 头 蛇 的 种 是 哪 个 命 名 的 ？,莽山铁烙头蛇的种是根据谁命名的？,请问莽山铁烙头蛇的种是由谁命名的？
"[['12月13日', '节日', '南京大屠杀死难者国家公祭日'], ['南京大屠杀死难者国家公祭日', '设定时间', '2014年2月27日']]",12 月 13 日 的 节 日 是 什 么 时 候 设 定 的 时 间 ？,12月13日的节日是什么时候设定的？,请问南京大屠杀死难者国家公祭日是在哪一天被设定的？
"[['全体大用诀', '人物', '杨班侯'], ['杨班侯', '师傅', '杨露禅'], ['杨露禅', '子', '杨健侯']]",全 体 大 用 诀 的 人 物 的 师 傅 的 儿 子 是 谁 ？,你知道全体大用诀的人物的师傅的儿子是谁吗？,全体大用诀的人物杨班侯的师傅是谁的儿子？
"[['和平主义者军团', '出生地', '世界政府'], ['世界政府', '创立者', '20个有野心的国王']]",和 平 主 义 者 军 团 的 出 生 地 有 哪 些 创 立 者 ？,请问是谁建立了和平主义者军团的出生地啊？,请问和平主义者军团的出生地有哪些创立者？
"[['丸美金沙海蓝防晒精华隔离乳', '隶属公司', '丸美'], ['丸美', '代言人', '杨子姗']]",丸 美 金 沙 海 蓝 防 晒 精 华 隔 离 乳 的 隶 属 公 司 现 在 是 哪 个 代 言 人 ？,丸美金沙海蓝防晒精华隔离乳的隶属公司曾经有过哪些代言人？,丸美金沙海蓝防晒精华隔离乳的隶属公司现在由谁代言？
"[['冷冻水机房空调', '应用范围', '医药生物'], ['医药生物', '发展方向', '基因工程的加工技术来生产蛋白质']]",谁 知 道 冷 冻 水 机 房 空 调 的 应 用 范 围 可 以 往 哪 些 方 向 发 展 ？,谁能告诉我冷冻水机房空调的应用范围可以往哪些方向发展？,请问冷冻水机房空调的应用范围在哪些方向上有所发展？
"[['市井小民', '近义词', '市井小人'], ['市井小人', '【释义】', '：指城市中庸俗鄙陋之人。']]",市 井 小 民 的 近 义 词 怎 样 理 解 ？,请问市井小民的近义词是什么意思啊？,市井小民的近义词是什么意思？
"[['哥尔多尼', '主要作品', '一仆二主'], ['一仆二主', '出品公司', '新丽传媒股份有限公司']]",哥 尔 多 尼 的 主 要 作 品 是 哪 个 公 司 出 品 的 ？,请问哥尔多尼的主要作品是哪个公司出品的？,请问哥尔多尼的主要作品是由哪家公司出品的？
"[['103国道', '终点站', '上海虹桥站'], ['上海虹桥站', '车站位置', '上海市闵行区申虹路']]",103 国 道 的 终 点 站 在 哪 里 ？,谁知道103国道的终点站的位置在哪里？,请问103国道的终点站是哪里？
"[['花鸟画学谱-海棠', '副标题', '海棠'], ['海棠', '亚科', '苹果亚科']]",花 鸟 画 学 谱 - 海 棠 的 副 标 题 属 于 什 么 亚 科 ？,植物大神们，花鸟画学谱-海棠的副标题是属于哪个亚科的,请问《花鸟画学谱-海棠》的副标题属于哪个亚科？
"[['异丙东莨菪碱', '别名', '溴化异丙东莨菪碱'], ['溴化异丙东莨菪碱', '性状', '气雾剂']]",异 丙 东 莨 菪 碱 的 别 名 是 做 什 么 用 的 ？,异丙东莨菪碱的别名是什么形状的？,请问异丙东莨菪碱的别名是用于什么用途的？
"[['商河县', '特产', '马蹄烧饼'], ['马蹄烧饼', '起源地', '河北省保定市安国市']]",商 河 县 的 特 产 起 源 于 哪 里 ？,商河县的特产起源于哪里？,商河县的特产是哪里来的？
"[['屌丝女士', '主演', '马克·本杰明·普赫'], ['马克·本杰明·普赫', '代表作品', '屌丝女士'], ['屌丝女士', '单集片长', '第二季']]",屌 丝 女 士 的 主 演 的 代 表 作 品 一 集 有 多 长 ？,屌丝女士的主演的代表作品一集有多长？,请问，屌丝女士的主演马克·本杰明·普赫的代表作品单集片长是多少？
"[['硬汉奶爸', '制片地区', '深圳'], ['深圳', '市树', '荔枝']]",请 问 硬 汉 奶 爸 的 制 片 地 区 的 市 树 是 什 么 ？,请问硬汉奶爸的制片地区的市树是什么？,请问硬汉奶爸的制片地区的市树是什么？
"[['酷航C7C', '品牌', '酷航'], ['酷航', '枢纽机场', '新加坡樟宜国际机场']]",酷 航 C7C 的 品 牌 有 哪 些 枢 纽 机 场 ？,我想知道酷航C7C的品牌的枢纽机场是哪？,酷航C7C的品牌有哪些枢纽机场？
"[['天津西沽公园', '著名景点', '海棠'], ['海棠', '属', '木瓜属']]",我 想 知 道 天 津 西 沽 公 园 的 著 名 景 点 是 植 物 里 的 哪 个 属,你知道天津西沽公园的著名景点是植物里的哪个属吗？,请问天津西沽公园的著名景点是哪个属的植物？
"[['栖霞艾山自然风景区', '著名景点', '石猴'], ['石猴', '别名', '孙悟空'], ['孙悟空', '师父', '菩提祖师']]",谁 是 栖 霞 艾 山 自 然 风 景 区 的 著 名 景 点 的 别 名 师 父 ？,谁是栖霞艾山自然风景区的著名景点的别名的师父？,请问栖霞艾山自然风景区的著名景点的别名和师父是谁？
"[['死神VS火影', '主要角色', '漩涡鸣人'], ['漩涡鸣人', '女儿', '漩涡向日葵'], ['漩涡向日葵', '哥哥', '漩涡博人']]",请 问 死 神 VS 火 影 的 主 要 角 色 的 女 儿 的 哥 哥 是 谁 啊 ？,请问死神VS火影的主要角色的女儿的哥哥是谁啊？,死神 VS 火影的主要角色的女儿的哥哥是谁？
"[['黑熊精', '其他名称', '熊大'], ['熊大', '口头禅', '熊,就该有个熊样！']]",什 么 是 黑 熊 精 的 其 他 名 称 的 口 头 禅 ？,什么是黑熊精的其他名称的口头禅？,黑熊精的另一个名字熊大的口头禅是什么？
"[['美少女战士真人版', '主演', '泉里香'], ['泉里香', '毕业院校', '明治大学'], ['明治大学', '主要院系', '理工']]",美 少 女 战 士 真 人 版 的 主 演 的 毕 业 院 校 有 哪 些 主 要 院 系 ？,美少女战士真人版的主演的毕业院校有哪些主要院系？,美少女战士真人版的主演泉里香毕业于哪所大学，这所大学的主要院系有哪些？
"[['逃之恋', '导演', '伍卫国'], ['伍卫国', '代表作品', '红楼梦'], ['红楼梦', '编剧', '潘藩']]",你 知 道 逃 之 恋 的 导 演 的 代 表 作 品 的 编 剧 是 谁 吗 ？,请问逃之恋的导演的代表作品的编剧是谁？,逃之恋的导演代表作品的编剧是谁？
"[['疯狂的小兵', '别名', '民兵葛二蛋'], ['民兵葛二蛋', '策划', '陈琦']]",谁 是 疯 狂 的 小 兵 的 别 名 的 策 划 ？,谁是疯狂的小兵的别名的策划？,请问，疯狂的小兵的别名的策划者是谁？
"[['泡面的幸福', '混音', '王兴'], ['王兴', '信仰', '佛教']]",泡 面 的 幸 福 的 混 音 有 哪 些 宗 教 信 仰 ？,泡面的幸福的混音有什么宗教信仰吗？,请问，泡面的幸福的混音中，有哪些宗教信仰？
"[['杰里·伦敦', '别名', 'Jerome'], ['Jerome', '沉船的名字', '泰坦尼克号'], ['泰坦尼克号', '排水量', '52310英吨(46328吨)']]",杰 里 · 伦 敦 的 别 名 的 沉 船 的 名 字 可 以 排 水 多 少 吨 ？,杰里·伦敦的别名的沉船的名字可以排水多少吨？,杰里·伦敦的别名泰坦尼克号的排水量是多少吨？
"[['伊娥', '配偶', '宙斯'], ['宙斯', '子女', '赫拉克勒斯']]",伊 娥 的 配 偶 的 子 女 是 谁 ？,伊娥的配偶的子女是谁？,伊娥的配偶宙斯的子女是谁？
"[['三大骑士团', '分支', '条顿骑士团'], ['条顿骑士团', '指挥官', 'Hochmeister Bruno Platter']]",谁 指 挥 了 三 大 骑 士 团 的 分 支 ？,谁指挥了三大骑士团的分支？,请问三大骑士团的分支是由谁指挥的？
"[['齐天大圣', '其他名称', '孙悟空'], ['孙悟空', '兵器', '如意金箍棒']]",你 知 道 齐 天 大 圣 的 其 他 名 称 使 用 的 什 么 兵 器 吗 ？,你知道齐天大圣的其他名称使用的什么兵器吗？,请问齐天大圣的另一个名字使用的兵器是什么？
"[['水库村', '养殖产业', '羊'], ['羊', '亚纲', '真兽亚纲']]",山 水 库 村 的 养 殖 产 业 是 属 于 哪 个 亚 纲 的,山水库村的养殖产业是属于哪个亚纲的,山水库村的养殖业属于哪个亚纲？
"[['奥利朗吉斯凯里亚德酒店', '周围景观', '奥利机场'], ['奥利机场', '机场代码', 'ORY']]",谁 能 告 诉 我 奥 利 朗 吉 斯 凯 里 亚 德 酒 店 的 周 围 景 观 有 多 少 机 场 ？,谁能告诉我奥利朗吉斯凯里亚德酒店的周围景观的机场代码是多少？,请问奥利朗吉斯凯里亚德酒店周围有多少个机场？
"[['综艺大满贯', '主持人', '王惠'], ['王惠', '代表作品', '节目全面拦截等']]",综 艺 大 满 贯 的 主 持 人 有 哪 些 代 表 作 品 ？,综艺大满贯的主持人有哪些其他作品？,综艺大满贯的主持人有哪些代表作品？
"[['赤西仁', '配偶', '黑木明纱'], ['黑木明纱', '喜欢的食物', '章鱼饭,布丁']]",赤 西 仁 的 配 偶 喜 欢 什 么 食 物 ？,赤西仁的配偶喜欢什么食物？,赤西仁的配偶喜欢吃什么食物呢？
"[['我在那一角落患过伤风', '所属专辑', '白色情人节'], ['白色情人节', '别名', 'WhiteValentine']]",你 知 道 我 在 那 一 角 落 患 过 伤 风 的 所 属 专 辑 的 别 名 是 什 么 吗 ？,我在那一角落患过伤风的所属专辑在中国被称为什么？,请问，我在那一角落患过伤风这首歌的所属专辑的别名是什么？
"[['腓特烈三世', '父亲', '威廉一世'], ['威廉一世', '母亲', '梅克伦堡-施特雷利茨郡主路易丝']]",我 想 知 道 腓 特 烈 三 世 的 父 亲 的 母 亲 是 哪 位 ？,有人知道腓特烈三世的父亲的母亲是哪位吗？,请问腓特烈三世的父亲的母亲是谁？
"[['冰兰', '小说作者', '失落叶'], ['失落叶', '签约网站', '17k小说网']]",你 知 道 冰 兰 的 小 说 作 者 签 约 了 什 么 网 站 吗 ？,你知道冰兰的小说作者签约了什么网站吗？,冰兰签约了哪个小说网站？
"[['super bass', '歌曲原唱', '妮琪·米娜'], ['妮琪·米娜', '音乐类型', 'Dance-pop']]",super bass 的 歌 曲 原 唱 创 作 什 么 类 型 的 音 乐 ？,super bass的歌曲原唱创作什么类型的音乐？,请问 super bass 这首歌曲的原唱是哪位歌手，她通常创作什么类型的音乐？
"[['灯谜', '别称', '谜语'], ['谜语', '起源', '先秦时代']]",你 知 道 灯 谜 的 别 称 起 源 于 那 里 吗 ？,你知道灯谜的别称起源于那里吗？,灯谜的别称起源于哪里？
"[['陈若平', '执业地点', '上海市儿童医院'], ['上海市儿童医院', '医院类型', '儿童医院']]",陈 若 平 的 执 业 地 点 是 什 么 类 型 的 ？,陈若平的执业地点是什么类型的医院？,请问陈若平的执业地点是哪一类医院？
"[['千秋村', '主要家畜', '狗'], ['狗', '亚门', '脊椎动物亚门']]",千 秋 村 的 主 要 家 畜 属 于 什 么 亚 门?,千秋村的主要家畜属于什么亚门?,千秋村的主要家畜属于哪个亚门？
"[['爱迪生传', '主要作品', '白炽灯'], ['白炽灯', '发明者', '托马斯·阿尔瓦·爱迪生']]",爱 迪 生 传 的 主 要 作 品 是 谁 发 明 的 ？,爱迪生传的主要作品是谁发明的？,请问《爱迪生传》中的主要发明者是谁？
"[['陈伟鸿', '代表作品', '央视财经评论'], ['央视财经评论', '原名', '今日观察'], ['今日观察', '现名', '央视财经评论']]",陈 伟 鸿 的 代 表 作 品 的 原 名 现 在 叫 什 么 名 字 ？,请问陈伟鸿的代表作品的原名现在叫什么名字？,陈伟鸿的代表作原本叫什么名字，现在又改成了什么名字呢？
"[['加特赞海滩红狮酒店', '酒店地址', 'hayden'], ['hayden', '中文名', '海登·克里斯滕森'], ['海登·克里斯滕森', '最喜欢的运动', '弹簧垫运动']]",加 特 赞 海 滩 红 狮 酒 店 的 酒 店 地 址 的 中 文 名 最 喜 欢 什 么 运 动 ？,加特赞海滩红狮酒店的酒店地址的中文名最喜欢什么运动？,请问加特赞海滩红狮酒店的地址是哪里？它的中文名是什么？海登·克里斯滕森最喜欢的运动是什么？
"[['长岭庵', '著名景点', '大别山'], ['大别山', '范围', '信阳']]",长 岭 庵 的 著 名 景 点 的 所 在 范 围 是 什 么 ？,长岭庵的著名景点的所在范围是什么？,长岭庵的著名景点位于哪里？
"[['农民频道', '属于', '河北电视台'], ['河北电视台', '成立时间', '1969年2月16日']]",你 知 道 农 民 频 道 的 属 于 是 什 么 时 候 开 播 的 吗 ？,你知道农民频道的属于经济生活频道什么时候开播吗？,农民频道是河北电视台的一部分，河北电视台是在哪一天成立的？
"[['洪珍燮', '别名', '洪镇燮'], ['洪镇燮', '所属运动队', '延边长白虎足球俱乐部'], ['延边长白虎足球俱乐部', '角逐赛事', '中国足球协会超级联赛']]",洪 珍 燮 的 别 名 的 所 属 运 动 队 角 逐 了 什 么 赛 事 ？,洪珍燮的别名的所属运动队角逐了什么赛事？,洪珍燮的别名所属运动队参加了什么赛事？
"[['烛龙', '对手', '拓拔野'], ['拓拔野', '妻子', '纤纤']]",烛 龙 的 对 手 的 妻 子 是 谁 啊 ？,请问烛龙的对手的妻子是谁啊？,请问烛龙的对手拓拔野的妻子是谁？
"[['铁瓮', '出处', '陈宫'], ['陈宫', '去世时间', '199年2月7日']]",谁 知 道 铁 瓮 的 出 处 是 在 哪 年 死 的 ？,谁知道铁瓮的出处是在哪年死的？,请问铁瓮的出处是在哪一年去世的？
"[['初雪级驱逐舰', '前型', '秋月级驱逐舰'], ['秋月级驱逐舰', '次型', '初雪级驱逐舰']]",初 雪 级 驱 逐 舰 的 前 型 的 次 型 是 什 么 ？,初雪级驱逐舰的前型的次型是什么？,初雪级驱逐舰的前型的次型是什么？
"[['晰阳掌', '教派', '清真'], ['清真', '出处', '伊斯兰教']]",你 知 道 晰 阳 掌 的 教 派 出 自 哪 里 吗 ？,西平县重渠小吕庄晰阳掌的教派寺属于什么宗教？,请问晰阳掌的教派源自哪里？
"[['郑楠', '代表作品', '流泪的新娘'], ['流泪的新娘', '首播频道', '山东电视影视频道']]",郑 楠 的 代 表 作 品 是 在 哪 个 频 道 首 播 的 ？,郑楠的代表作品是在哪个频道首播的？,郑楠的代表作《流泪的新娘》是在哪个频道首播的呢？
"[['朱宜修', '宿敌', '沈眉庄'], ['沈眉庄', '结局', '难产而死']]",朱 宜 修 的 宿 敌 的 结 局 是 什 么 ？,请问朱宜修的宿敌的结局是什么样的？,朱宜修的宿敌沈眉庄的结局是什么？
"[['拔列', '年代', '魏晋南北朝'], ['魏晋南北朝', '起始时间', '公元220年——公元589年']]",请 问 拔 列 的 年 代 是 处 在 什 么 时 间 ？,请问拔列的年代是处在什么时间？,请问拔列所处的年代是在什么时间？
"[['上海市高级人民法院关于审理分家析产案件若干问题的意见', '发布单位', '上海市高级人民法院'], ['上海市高级人民法院', '联系电话', '021-64511123,（信访办）']]",请 问 上 海 市 高 级 人 民 法 院 关 于 审 理 分 家 析 产 案 件 若 干 问 题 的 意 见 的 发 布 单 位 的 联 系 电 话 是 哪 个 ？,请问上海市高级人民法院关于审理分家析产案件若干问题的意见的发布单位的联系电话是多少？,请问，上海市高级人民法院关于审理分家析产案件若干问题的意见的发布单位，其联系电话是多少？
"[['史达', '信仰', '元始天尊'], ['元始天尊', '所属', '先天大道化身之一']]",史 达 的 信 仰 所 属 哪 里 ？,史达的信仰所属哪里？,史达信仰的是哪个先天大道的化身？
"[['厦门劲美生物科技股份公司', '经营范围', '迷迭香'], ['迷迭香', '分布区域', '欧洲中部,北非地中海沿岸']]",厦 门 劲 美 生 物 科 技 股 份 公 司 的 经 营 范 围 主 要 分 布 在 哪 些 区 域 ？,厦门劲美生物科技股份公司的经营范围主要分布在哪些区域？,厦门劲美生物科技股份有限公司的迷迭香主要分布在哪些区域？
"[['安庆公主', '母亲', '孝慈高皇后'], ['孝慈高皇后', '夫之母', '淳皇后,宣皇后喜塔喇氏']]",安 庆 公 主 的 母 亲 的 婆 婆 是 谁 ？,谁是安庆公主的母亲的婆婆？,安庆公主的母亲是孝慈高皇后，孝慈高皇后的婆婆是谁？
"[['为农副产品找销路', '出版社', '武汉大学'], ['武汉大学', '博士后流动站', '42']]",为 农 副 产 品 找 销 路 的 出 版 社 有 几 个 博 士 后 流 动 站 ？,为农副产品找销路的出版社有几个博士后流动站？,请问为农副产品找销路的出版社有多少个博士后流动站？
"[['我相写我心', '作者', '郑伊健'], ['郑伊健', '代表作品', '天行者'], ['天行者', '类型', '动作']]",我 相 写 我 心 的 作 者 的 代 表 作 品 是 什 么 类 型 的 动 作 ？,我相写我心的作者的代表作品属于什么类型？,请问《我相写我心》的作者是谁，他的代表作品《天行者》属于什么类型的动作片？
"[['钅卢', '中文名', '鑪'], ['鑪', '规范汉字编号', '341124312153152512125221']]",涇 卢 的 中 文 名 的 规 范 汉 字 编 号 是 什 么 ？,钅卢的中文名的规范汉字编号是多少？,请问钅卢的中文名的规范汉字编号是多少？
"[['汶村', '所属地区', '台山'], ['台山', '名人', '陈百强']]",汶 村 的 所 属 地 区 有 什 么 名 人 ？,汶村的所属地区有什么名人？,请问汶村这个地区有哪些名人？
"[['捯气', '出处', '蒲柳人家'], ['蒲柳人家', '丛书系列', '现代中篇小说']]",你 知 道 吗 ？,捯气的出处属于哪个丛书系列？,请问《捯气》这部作品的出处是什么？它属于哪一系列的现代中篇小说？
"[['朱见深', '重要事件', '西厂'], ['西厂', '成立日期', '成化十三年（1477年）']]",你 知 道 朱 见 深 的 重 要 事 件 是 什 么 时 候 成 立 的 吗 ？,朱见深的重要事件是哪年成立的？,请问朱见深的重要事件西厂是在哪一年成立的？
"[['漳州战役', '时期', '国共内战'], ['国共内战', '地点', '中国']]",请 问 漳 州 战 役 的 时 期 发 生 在 哪 里 啊 ？,请问漳州战役的时期发生在哪里啊？,漳州战役是在哪个时期在中国发生的呢？
"[['笑笑江湖OL', '地区', '地球'], ['地球', '自转周期', '23h56min4s']]",请 问 笑 笑 江 湖 OL 的 地 区 自 转 一 圈 需 要 多 久 ？,请问笑笑江湖OL的地区自转一圈需要多久？,笑笑江湖OL所在的地球自转一圈需要多长时间？
"[['苏杏璇', '代表作品', '义不容情'], ['义不容情', '编导', '李国立']]",请 问 苏 杏 璇 的 代 表 作 品 的 编 导 是 谁 ？,苏杏璇的代表作品的编导是谁？,苏杏璇的代表作品的编导是谁？
"[['金融教学与研究', '主办单位', '河北金融学院'], ['河北金融学院', '属性', '省属高等院校中央与地方共建高校']]",请 问 金 融 教 学 与 研 究 的 主 办 单 位 是 什 么 性 质 的 ？,请问金融教学与研究的主办单位是什么性质的？,请问主办单位河北金融学院属于什么性质的学校？
"[['极光迪莫', '中文名', '皇家圣光迪莫'], ['皇家圣光迪莫', '形态', '圣光迪莫超进化形态']]",极 光 迪 莫 的 中 文 名 属 于 什 么 形 态 ？,请问极光迪莫的中文名是什么样子的？,请问极光迪莫的中文名属于什么形态？
"[['交大·卡布里城', '销售状态', '售罄'], ['售罄', '书名', '售罄']]",谁 知 道 交 大 · 卡 布 里 城 的 销 售 状 态 书 名 已 经 售 罄 了 吗 ？,谁知道融侨馨苑现在是交大·卡布里城的销售状态还是有库存？,请问交大·卡布里城的销售状态和书名是什么？
"[['田娃', '代表作品', '乡村爱情圆舞曲'], ['乡村爱情圆舞曲', '许可证号', '（辽）剧审字（2013）第013号']]",请 问 田 娃 的 代 表 作 品 的 许 可 证 号 是 什 么 ？,谁能告诉我田娃的代表作品的许可证号是什么？,田娃的代表作《乡村爱情圆舞曲》的许可证号是什么？
"[['纵马五代', '小说作者', '昭武校尉'], ['昭武校尉', '废除时间', '元']]",请 问 纵 马 五 代 的 小 说 作 者 是 哪 个 时 候 废 除 的 ？,纵马五代的小说作者是什么时候废除的？,请问纵马五代的小说作者是在哪个朝代被废除的？
"[['赵贵生', '性格', '市井小人'], ['市井小人', '【释义】', '：指城市中庸俗鄙陋之人。']]",你 能 解 释 赵 贵 生 的 性 格 吗 ？,请问赵贵生的性格是什么意思啊？,赵贵生的性格是什么？
"[['戮世摩罗', '爱好', '吐槽'], ['吐槽', '基本解释', '对话语,事物等予以犀利的批评']]",谁 能 解 释 一 下 戮 世 摩 罗 的 爱 好 的 基 本 含 义 ？,你能解释一下戮世摩罗的爱好的基本含义吗？,请问，谁能帮我解释一下戮世摩罗的爱好是什么意思呢？
"[['武松打虎', '性质', '京剧'], ['京剧', '发源地', '徽州府']]",武 松 打 虎 的 性 质 的 发 源 地 是 哪 里 ？,你知道武松打虎的性质的发源地是哪里吗？,请问京剧《武松打虎》的性质起源于哪里？
"[['穆皇后', '别称', '杨皇后'], ['杨皇后', '丈夫', '赵扩'], ['赵扩', '属相', '鼠']]",请 问 穆 皇 后 的 别 称 的 丈 夫 是 属 什 么 的 ？,请问穆皇后的别称的丈夫是属什么的？,请问穆皇后的别称的丈夫属相是什么？
"[['意大利烤鸡翅', '主要原料', '迷迭香'], ['迷迭香', '分布区域', '欧洲中部,北非地中海沿岸']]",意 大 利 烤 鸡 翅 的 主 要 原 料 主 要 分 布 在 哪 里 ？,意大利烤鸡翅的主要原料主要分布在哪些区域？,请问意大利烤鸡翅的主要原料迷迭香主要分布在哪些地区？
"[['美丽长腕海盘车', '隶属', '海星类'], ['海星类', '体征', '背腹扁平']]",美 丽 长 腕 海 盘 车 的 隶 属 有 什 么 体 征 ？,你知道美丽长腕海盘车的隶属有什么体征吗？,请问美丽长腕海盘车属于哪一类海星，这类海星的体征是什么？
"[['东方豪景花园酒店', '周围景观', '滕王阁'], ['滕王阁', '馆藏精品', '《时来风送滕王阁》,《唐伎乐图》,时来风送滕王阁']]",你 知 道 东 方 豪 景 花 园 酒 店 的 周 围 景 观 里 珍 藏 了 什 么 ？,你知道东方豪景花园酒店的周围景观里珍藏了什么？,请问东方豪景花园酒店周围有哪些值得一看的馆藏精品？
"[['伪后宫', '来源', '后宫动漫'], ['后宫动漫', '举例', '只有神知道的世界']]",什 么 是 伪 后 宫 的 来 源 的 举 例 ？,伪后宫的来源可以来举个例子吗？,伪后宫的来源是什么，可以举一个例子吗？
"[['红草果', '分布区域', '河池'], ['河池', '特产', '香猪']]",红 草 果 的 分 布 区 域 有 哪 些 特 产 ？,红草果的分布区域有哪些特产？,请问红草果的分布区域有哪些特产？
"[['新闻20分', '主持人', '康辉'], ['康辉', '属相', '鼠']]",鼠 新 闻 20 分 的 主 持 人 是 什 么 属 相 ？,你知道主持人新闻20分的主持人是属什么的吗？,请问新闻20分的主持人康辉的属相是什么？
"[['戈登·贝尔', '出生地', '密苏里州'], ['密苏里州', '最大城市', '堪萨斯城（Kansas,City）']]",哪 里 是 戈 登 · 贝 尔 的 出 生 地 最 大 的 城 市 ？,哪里是戈登·贝尔的出生地的最大城市？,"请问戈登·贝尔的出生地是密苏里州，而密苏里州最大的城市是堪萨斯城（Kansas,City），那么您知道堪萨斯城（Kansas,City）是密苏里州最大的城市吗？"
"[['骨性反颌', '性质', '错颌畸形'], ['错颌畸形', '主要症状', '牙列不齐']]",骨 性 反 颌 的 性 质 有 什 么 主 要 症 状 ？,骨性反颌的性质有什么主要症状？,骨性反颌这种错颌畸形的主要症状有哪些？
"[['旅途', '填词', '刘力扬'], ['刘力扬', '代表作品', '礼物'], ['礼物', '发行时间', '2009年11月26日']]",旅 途 的 填 词 的 代 表 作 品 是 什 么 时 候 发 行 的 ？,旅途的填词的代表作品的发行时间是什么时候,请问旅途的填词代表作品是哪一天发行的？
"[['植物战怪兽', '开发商', '动网先锋网络科技有限公司'], ['动网先锋网络科技有限公司', '合作伙伴', '360安全卫士'], ['360安全卫士', '软件类型', '安全杀毒软件']]",植 物 战 怪 兽 的 开 发 商 的 合 作 伙 伴 这 款 软 件 属 于 什 么 类 型 ？,你了解植物战怪兽的开发商的合作伙伴这款软件属于什么类型吗？,请问植物战怪兽的开发商的合作伙伴所开发的软件属于什么类型？
"[['他比我好', '歌曲原唱', '陌子轩'], ['陌子轩', '生肖', '狗']]",他 比 我 好 的 歌 曲 原 唱 什 么 属 性 ？,他比我好的歌曲原唱什么属性？,请问，他比我好的那首歌的原唱是谁？
"[['给点阳光就灿烂', '歌曲原唱', '阿筎那'], ['阿筎那', '出生日期', '10月12日'], ['10月12日', '逝世名人', '张伯伦']]",谁 知 道 给 点 阳 光 就 灿 烂 的 歌 曲 原 唱 的 出 生 日 期 前 一 天 是 哪 个 名 人 的 ？,你知道给点阳光就灿烂的歌曲原唱的出生日期有哪个名人离世吗？,请问，给点阳光就灿烂这首歌的原唱阿筎那的出生日期是哪一天？而这一天的前一天，又恰好是哪位名人逝世的日子呢？
"[['塔希法岛', '地区', '汤加'], ['汤加', '官方语言', '英语']]",塔 希 法 岛 的 地 区 使 用 什 么 语 言 ？,塔希法岛的地区的官方语言是什么？,请问塔希法岛使用什么语言？
"[['本溪市森林资源转让管理办法', '地区', '本溪'], ['本溪', '方言', '满语'], ['满语', '文字', '满文']]",本 溪 市 森 林 资 源 转 让 管 理 办 法 的 地 区 的 方 言 的 文 字 是 什 么 ？,本溪市森林资源转让管理办法的地区的方言的文字是什么？,请问本溪市森林资源转让管理办法的地区使用的方言的文字是什么？
"[['新闻20分', '主持人', '郭志坚'], ['郭志坚', '搭档', '海霞'], ['海霞', '主持节目', '《新闻联播》,《新闻直播间》']]",新 闻 20 分 的 主 持 人 的 搭 档 主 持 了 哪 些 节 目 ？,新闻20分的主持人的搭档主持了哪些节目？,请问新闻20分的主持人郭志坚的搭档主持了哪些节目？
"[['恐鹤', '别称', '恐怖鸟'], ['恐怖鸟', '时期', '6400万年前至1万年前']]",谁 能 告 诉 我 恐 鹤 的 别 称 是 哪 个 时 期 ？,恐鹤的别称是什么时期的？,请问恐鹤的别称是什么，它属于哪个时期呢？
"[['武汉蔡甸经济开发区', '相关人物', '钟子期'], ['钟子期', '相关作品', '无']]",武 汉 蔡 甸 经 济 开 发 区 的 相 关 人 物 有 什 么 相 关 作 品 ？,武汉蔡甸经济开发区的相关人物有什么相关作品吗？,请问武汉蔡甸经济开发区有哪些相关人物的作品？
"[['无水氢氟酸', '中文别名', '氟化氢'], ['氟化氢', '中文名', '氢氟酸'], ['氢氟酸', '摩尔质量', '20.01']]",无 水 氢 氟 酸 的 中 文 别 名 的 中 央 空 调 的 摩 尔 质 量 是 多 少 ？,无水氢氟酸的中文别名的中文名的摩尔质量是多少？,请问无水氢氟酸的中文别名是什么？它的摩尔质量是多少？
"[['东风日产天籁', '品牌', '日产天籁'], ['日产天籁', '最大功率', '137KW/rpm']]",东 风 日 产 天 籁 的 品 牌 的 最 大 功 率 是 多 少 ？,东风日产天籁的品牌的最大功率是多少？,东风日产天籁这个品牌的最大功率是多少？
"[['不扶自直', '近义词', '近墨者黑'], ['近墨者黑', '相对', '近朱者赤']]",请 问 不 扶 自 直 的 近 义 词 和 什 么 相 对 ？,请问不扶自直的近义词和什么相对？,请问'不扶自直'的近义词和'近朱者赤'是什么相对的？
"[['0576q小游戏', '类型', '4399小游戏'], ['4399小游戏', '地址', '神州数码大厦10层1018号']]",0576q 小 游 戏 的 类 型 具 体 在 哪 个 位 置 ？,0576q小游戏的类型具体在哪个位置？,请问0576q小游戏属于什么类型，它的具体位置在哪里？
"[['成都动物园鹤馆', '隶属于', '成都动物园'], ['成都动物园', '馆藏精品', '华南虎'], ['华南虎', '亚种', '华南虎']]",成 都 动 物 园 鹤 馆 的 隶 属 于 的 馆 藏 精 品 是 什 么 亚 种 ？,成都动物园鹤馆的隶属于的馆藏精品是什么亚种？,成都动物园鹤馆隶属于哪个动物园，它的馆藏精品是什么，这个品种的亚种是什么？
"[['曹松', '出生地', '舒州'], ['舒州', '景点', '天柱山'], ['天柱山', '其他信息', '1982年天柱山旅游风景区又被国务院公布为全国首批国家级重点风景名胜区,92年又被批为国家级森林公园,2000年获“AAAA”旅游区称号']]",你 知 道 一 些 曹 松 的 出 生 地 的 景 点 的 其 他 信 息 吗 ？,你知道一些曹松的出生地的景点的其他信息吗？,曹松的出生地天柱山有哪些特别之处？
"[['我爱故我在', '作者', '陶晶莹'], ['陶晶莹', '名誉', '台湾主持界一姐,台湾第一美女']]",我 爱 故 我 在 的 作 者 有 哪 些 名 誉 ？,我爱故我在的作者有哪些名誉？,请问《我爱故我在》的作者是谁，她有哪些名誉？
"[['困囚五行山', '参战方', '孙悟空'], ['孙悟空', '兵器', '如意金箍棒']]",你 知 道 困 囚 五 行 山 的 参 战 方 使 用 的 什 么 兵 器 吗 ？,你知道困囚五行山的参战方使用的什么兵器吗？,请问困囚五行山的参战方使用的是哪件兵器？
"[['帝秋', '作者', '随便说说'], ['随便说说', '填词', '陈绮贞'], ['陈绮贞', '音乐类型', '流行']]",帝 秋 的 作 者 的 填 词 的 音 乐 是 什 么 类 型 ？,帝秋的作者的填词的音乐都是什么类型？,帝秋的填词音乐属于什么类型？
"[['蕨麻红烧肉', '主要食材', '蕨麻'], ['蕨麻', '亚科', '蔷薇亚科']]",蕨 麻 红 烧 肉 的 主 要 食 材 属 于 什 么 亚 科 ？,蕨麻红烧肉的主要食材属于什么亚科？,请问蕨麻红烧肉的主要食材属于哪个亚科？
"[['朝雾级驱逐舰', '前型', '初雪级驱逐舰'], ['初雪级驱逐舰', '前型', '秋月级驱逐舰'], ['秋月级驱逐舰', '次型', '初雪级驱逐舰']]",朝 雾 级 驱 逐 舰 的 前 型 的 次 型 是 什 么 ？,朝雾级驱逐舰的前型的前型的次型是什么？,请问朝雾级驱逐舰的前型的次型是什么？
"[['中国现代中药', '主办单位', '中国医药集团总公司'], ['中国医药集团总公司', '董事长', '郭建新']]",中 国 现 代 中 药 的 主 办 单 位 的 董 事 长 是 谁 ？,中国现代中药的主办单位的董事长是谁来着？,请问中国现代中药的主办单位的董事长是谁？
"[['岷里拉华侨干鱼商同业公会', '前身', '马尼拉干鱼商同业公会'], ['马尼拉干鱼商同业公会', '初名', '岷里拉华侨干鱼商同业公会']]",岷 里 拉 华 侨 干 鱼 商 同 业 公 会 的 前 身 的 初 名 叫 什 么 ？,请问岷里拉华侨干鱼商同业公会的前身最初叫什么名字？,岷里拉华侨干鱼商同业公会的前身初名是什么？
"[['四川福瑞抗震科技有限公司', '公司口号', '抗震救灾'], ['抗震救灾', '精神', '艰苦奋斗']]",请 问 四 川 福 瑞 抗 震 科 技 有 限 公 司 的 公 司 口 号 的 精 神 是 什 么 ？,请问四川福瑞抗震科技有限公司的公司口号的精神是什么？,请问四川福瑞抗震科技有限公司的口号所体现的精神是什么？
"[['江西理工大学', '知名校友', '熊维平'], ['熊维平', '入党时间', '1976年6月']]",请 问 江 西 理 工 大 学 的 知 名 校 友 是 什 么 时 候 入 党 的 ？,你知道江西理工大学的知名校友是什么时候入党的吗？,江西理工大学的知名校友熊维平是哪一年入党的？
"[['诱惑步', '来源', '劲舞团'], ['劲舞团', '运营方式', '免费运营']]",诱 惑 步 的 来 源 是 怎 样 的 运 营 方 式 ？,诱惑步的来源是怎样的运营方式？,请问，诱惑步的来源是采用什么样的运营方式？
"[['武夷花园水仙园', '地铁', 'm6'], ['m6', '距地距离', '2.0千光年']]",武 夷 花 园 水 仙 园 的 地 铁 距 地 球 有 多 远 ？,武夷花园水仙园的地铁距地球有多远？,武夷花园水仙园的地铁距离地球有多远？
"[['广东工会大厦', '隶属', '广东省总工会'], ['广东省总工会', '所属机构', '全国总工会']]",广 东 工 会 大 厦 的 隶 属 属 于 什 么 机 构 ？,广东工会大厦的隶属属于什么机构？,广东工会大厦隶属于哪个机构？
"[['兰亭山水', '板块', '台山'], ['台山', '名人', '陈百强']]",兰 亭 山 水 的 板 块 有 什 么 名 人 ？,兰亭山水的板块有什么名人？,兰亭山水这个板块有哪些名人？
"[['美拉', '主人', '无音'], ['无音', '敌人', '凌美琪'], ['凌美琪', '饰演者', '孙圳,赵今麦,周利书']]",美 拉 的 主 人 的 敌 人 都 演 过 哪 些 角 色 ？,我想知道美拉的主人的敌人都演过哪些角色呀？,美拉的敌人都演过哪些角色？
"[['申办世界杯', '中文名称', '国际足联世界杯'], ['国际足联世界杯', '主办机构', '国际足球联合会'], ['国际足球联合会', '现任主席', '詹尼·因凡蒂诺']]",谁 是 申 办 世 界 杯 的 中 文 名 称 的 主 办 机 构 的 现 任 主 席 吗 ？,谁是申办世界杯的中文名称的主办机构的现任主席吗？,请问申办世界杯的中文名称的主办机构现任主席是谁？
"[['白巧克力', '主要原料', '可可脂'], ['可可脂', '拼音名', 'kě kě zhī']]",请 问 白 巧 克 力 的 主 要 原 料 的 拼 音 名 称 是 什 么 ？,请问白巧克力的主要原料的拼音名称是什么？,请问白巧克力的主要原料的拼音名称是什么？
"[['千头柏', '种', '侧柏'], ['侧柏', '命名者及年代', 'Linn.,\xa01949']]",千 头 柏 的 种 的 命 名 者 及 年 代 你 知 道 吗 ？,千头柏的种是由谁命名的还有他的年代你知道吗？,请问千头柏的种是由谁命名的，以及是在哪一年命名的？
"[['古雷西亚·戈培尔', '中文名', '安妮克·克拉恩'], ['安妮克·克拉恩', '国籍', '蛋糕'], ['蛋糕', '主要食材', '鸡蛋']]",制 作 古 雷 西 亚 · 戈 培 尔 的 中 文 名 的 国 籍 要 用 到 什 么 来 着 ？,制作古雷西亚·戈培尔的中文名的国籍要用到什么你知道吗？,古雷西亚·戈培尔的中文名是安妮克·克拉恩，她的国籍是什么？制作这个蛋糕主要需要用到什么食材？
"[['北京禾佳源农业科技股份有限公司', '性质', '国家高新技术企业'], ['国家高新技术企业', '来源', '高新技术企业认定管理办法'], ['高新技术企业认定管理办法', '适用对象', '中国境内的高新技术企业']]",北 京 禾 佳 源 农 业 科 技 股 份 有 限 公 司 的 性 质 的 来 源 适 用 于 什 么 对 象 ？,北京禾佳源农业科技股份有限公司的性质的来源适用于什么对象？,请问北京禾佳源农业科技股份有限公司的性质来源适用于哪些对象？
"[['曹琴默', '敌人', '沈眉庄'], ['沈眉庄', '宿敌', '安陵容'], ['安陵容', '结局', '吃苦杏仁自尽']]",你 记 得 曹 琴 默 的 敌 人 的 宿 敌 的 结 局 吗 ？,你记得曹琴默的敌人的宿敌的结局吗？,你知道曹琴默的敌人是谁，而她的宿敌又是谁，并且她的宿敌的结局是什么吗？
"[['蔚然成风、', '出自', '中国通史'], ['中国通史', '装帧', '精装本']]",蔚 然 成 风 、 的 出 自 是 什 么 时 候 装 帧 的 ？,你知道蔚然成风、的出自是怎样装帧的吗？,请问蔚然成风这个成语是何时出版的精装本？
"[['名古屋大学', '知名校友', '益川敏英'], ['益川敏英', '博士导师', '坂田昌一']]",谁 是 名 古 屋 大 学 的 知 名 校 友 的 博 士 导 师 ？,谁是名古屋大学的知名校友的博士导师？,请问名古屋大学的知名校友的博士导师是谁？
"[['行政院大陆委员会', '上级机关', '行政院'], ['行政院', '副院长', '张善政']]",谁 是 行 政 院 大 陆 委 员 会 的 上 级 机 关 的 副 院 长 ？,谁是行政院大陆委员会的上级机关的副院长？,请问，行 政 院 大 陆 委 员 会 的 上 级 机 关 的 副 院 长 是谁？
"[['宝贝当家', '主演', '王诗龄'], ['王诗龄', '好友', '张悦轩'], ['张悦轩', '好友', '田雨橙,小小志,王诗龄,郭子睿']]",你 知 道 宝 贝 当 家 的 主 演 的 好 友 的 好 朋 友 是 谁 吗 ？,你知道宝贝当家的主演的好友的好朋友都有谁吗？,宝贝当家主演的好友的好友是谁？
"[['德泓创源（北京）投资管理有限责任公司', '工作', '私募股权融资'], ['私募股权融资', '好处', '稳定资金来源,高附加值服务']]",德 泓 创 源 （ 北 京 ） 投 资 管 理 有 限 责 任 公 司 的 工 作 有 什 么 好 处 ？,德泓创源（北京）投资管理有限责任公司的工作有什么好处？,德泓创源（北京）投资管理有限责任公司的工作有什么好处？
"[['乃木坂春香', '丈夫', '绫濑裕人'], ['绫濑裕人', '出处', '乃木坂春香的秘密'], ['乃木坂春香的秘密', '插画', 'しゃあ']]",乃 木 坂 春 香 的 丈 夫 的 出 处 的 插 画 是 哪 位 完 成 的 ？,乃木坂春香的丈夫的出处的插画是哪位完成的？,请问乃木坂春香的丈夫的出处的插画是由哪位艺术家完成的？
"[['头摆的你', '歌曲语言', '客家语'], ['客家语', '管理机构', '台湾客家委员会']]",请 问 是 哪 个 机 构 管 理 头 摆 的 你 的 歌 曲 语 言 ？,请问是哪个机构管理头摆的你的歌曲语言？,请问是哪个机构管理头摆的你的歌曲语言？
"[['字母歌', '填词', '俞白眉'], ['俞白眉', '妻子', '代乐乐']]",字 母 歌 的 填 词 的 妻 子 叫 什 么 ？,字母歌的填词的妻子叫什么？,请问字母歌的填词人是谁的妻子？
"[['解压缩软件', '外文名', 'winrar'], ['winrar', '开发者', 'Eugene Roshal']]",解 压 缩 软 件 的 外 文 名 是 谁 开 发 的 ？,你知道解压缩软件的外文名的开发者是谁吗？,请问解压缩软件的外文名是谁开发的？
"[['非线性规划', '所属学科', '运筹学'], ['运筹学', '相关学科', '应用数学']]",非 线 性 规 划 的 所 属 学 科 相 关 吗 ？,你知道与非线性规划的所属学科相关的学科吗？,非线性规划属于运筹学这个学科吗？
"[['李蓬熙', '父亲', '李锐'], ['李锐', '女儿', '李蓬熙']]",李 蓬 熙 的 父 亲 的 女 儿 叫 什 么 ？,李蓬熙的父亲的女儿叫什么？,请问李蓬熙的父亲的女儿叫什么名字？
"[['天宝石', '类型', '橄榄石'], ['橄榄石', '晶系', '斜方晶系']]",请 问 天 宝 石 的 类 型 属 于 什 么 晶 系 ？,请问天宝石的类型属于什么晶系？,请问天宝石属于哪种晶系？
"[['爱的是与非：有多少爱可以重来', '作者', '海棠'], ['海棠', '亚科', '苹果亚科']]",你 知 道 爱 的 是 与 非 ： 有 多 少 爱 可 以 重 来 的 作 者 是 属 于 哪 个 亚 科 的 吗 ？,植物大神们，爱的是与非：有多少爱可以重来的作者是属于哪个亚科的,请问，爱的故事：有多少爱可以重来这本书的作者属于哪个亚科呢？
"[['张家山街道', '行政区类别', '街道'], ['街道', '中文名称', '街道']]",请 问 张 家 山 街 道 的 行 政 区 类 别 是 什 么 性 质 ？,我很好奇西街张家山街道的行政区类别是什么类型的行政区？,请问张家山街道的行政区类别是什么性质？
"[['修灵成圣', '作者', '昭武校尉'], ['昭武校尉', '废除时间', '元']]",请 问 修 灵 成 圣 的 作 者 是 哪 个 时 候 废 除 的 ？,修灵成圣的作者是什么时候废除的？,请问修灵成圣的作者是哪个朝代废除的？
"[['艾哈迈德一世', '国籍', '奥斯曼帝国'], ['奥斯曼帝国', '所属洲', '欧洲']]",艾 哈 迈 德 一 世 的 国 籍 属 于 哪 个 洲 ？,艾哈迈德一世的国籍属于哪个洲？,请问艾哈迈德一世的国籍属于哪个洲？
"[['神机', '作者', '银色'], ['银色', '繁体', '銀色']]",神 机 的 作 者 的 繁 体 怎 么 写 ？,神机的作者的繁体怎么写？,请问神机的作者银色用繁体字怎么写？
"[['萨瓦特利·卡西欧', '代表作品', '天伦之旅'], ['天伦之旅', '分级', 'USA: PG']]",萨 瓦 特 利 · 卡 西 欧 的 代 表 作 品 属 于 什 么 分 级 ？,萨瓦特利·卡西欧的代表作品怎样分级的？,请问萨瓦特利·卡西欧的代表作品属于什么分级？
"[['冕宁县', '下辖地区', '复兴镇'], ['复兴镇', '机场', '安庆天柱山机场']]",冕 宁 县 的 下 辖 地 区 有 什 么 机 场 ？,冕宁县的下辖地区有什么机场？,请问冕宁县的下辖地区有哪些机场？
"[['十八，十九', '主演', '柳演锡'], ['柳演锡', '出道作品', '老男孩']]",你 记 得 十 八 ， 十 九 的 主 演 的 出 道 作 品 是 哪 部 吗 ？,十八，十九的主演是演什么电影出道的？,你知道十八十九的主演柳演锡的出道作品是什么吗？
"[['建党伟业', '导演', '韩三平'], ['韩三平', '所属公司', '中国电影集团公司']]",建 党 伟 业 的 导 演 属 于 哪 家 公 司 ？,建党伟业的导演属于哪家公司？,请问《建党伟业》的导演属于哪家公司？
"[['贵州大学研究生院', '性质', '211工程'], ['211工程', '主管部门', '中华人民共和国国务院']]",贵 州 大 学 研 究 生 院 的 性 质 的 主 管 部 门 有 哪 些 ？,贵州大学研究生院的性质的主管部门有哪些？,请问贵州大学研究生院的性质是由哪个主管部门负责的？
"[['敬老月', '节日时间', '重阳节'], ['重阳节', '节日活动', '踏秋']]",敬 老 月 的 节 日 时 间 有 哪 些 传 统 习 俗 ？,敬老月的节日时间有哪些传统习俗？,敬老月这个节日通常会在哪些传统习俗中进行呢？
"[['雪碧', '代言人', '科比·布莱恩特'], ['科比·布莱恩特', '别名', '黑曼巴'], ['黑曼巴', '分布区域', '非洲东部和南部,鹰郡有间断分布,主要在草原,林地和灌丛中活动']]",雪 碧 的 代 言 人 的 别 名 蛇 分 布 在 什 么 地 方 ？,雪碧的代言人的别名蛇分布在什么地方？,请问雪碧的代言人的别名在哪些地方有分布？
"[['税法全程系统训练', '作者', '张清芳'], ['张清芳', '代表作品', '激情过后'], ['激情过后', '发行时间', '2011-08-26']]",请 问 税 法 全 程 系 统 训 练 的 作 者 的 代 表 作 品 是 什 么 时 候 发 行 的 ？,你记得税法全程系统训练的作者的代表作品是什么时候发行的吗？,税法全程系统训练的作者是谁？他们的代表作品《激情过后》是在哪一天发行的？
"[['苹果树，爱是荆棘心', '中文名', '苹果树'], ['苹果树', '别称', '苹果'], ['苹果', '命名者及年代', 'Mill,1768']]",苹 果 树 ， 爱 是 荆 棘 心 的 中 文 名 的 别 称 在 哪 年 由 谁 命 名 的 ？,苹果树，爱是荆棘心的中文名的别称在哪年由谁命名的？,请问苹果树，爱是荆棘心的中文名'苹果树'的别称'苹果'是在哪一年由谁命名的？
"[['狮子吼', '中文名', '热血传奇'], ['热血传奇', '运营方式', '分时间收费区和道具消费区']]",狮 子 吼 的 中 文 名 拥 有 怎 样 的 运 营 方 式 ？,狮子吼的中文名拥有怎样的运营方式？,狮子吼这款游戏的运营方式是怎样的？
"[['大连大学国际文化交流学院', '机构地点', '大连大学'], ['大连大学', '主管部门', '大连市人民政府']]",大 连 大 学 国 际 文 化 交 流 学 院 的 机 构 地 点 是 由 什 么 地 方 主 管 ？,请问大连大学国际文化交流学院的机构地点是由什么地方主管？,大连大学国际文化交流学院是由哪个地方主管的？
"[['艾哈德·劳斯', '国籍', '奥匈帝国'], ['奥匈帝国', '主要宗教', '伊斯兰教']]",艾 哈 德 · 劳 斯 的 国 籍 的 主 要 宗 教 是 什 么 ？,艾哈德·劳斯的国籍的主要宗教是什么？,请问艾哈德·劳斯的国籍的主要宗教是什么？
"[['光敏感核不育基因', '发现人', '张启发'], ['张启发', '毕业院校', '加利福尼亚大学戴维斯分校'], ['加利福尼亚大学戴维斯分校', '吉祥物', 'Gunrock the Mustang']]",谁 是 光 敏 感 核 不 育 基 因 的 发 现 人 的 毕 业 院 校 的 吉 祥 物 ？,你知道什么是光敏感核不育基因的发现人的毕业院校的吉祥物吗？,请问光敏感核不育基因的发现人张启发毕业于哪个大学，这个大学的吉祥物是什么？
"[['前程日本', '总部地点', '京都'], ['京都', '市树', '柳树']]",前 程 日 本 的 总 部 地 点 的 市 树 是 什 么 树 ？,前程日本的总部地点的市树是什么树？,请问前程日本总部所在地的市树是什么树？
"[['江西江中制药（集团）有限责任公司', '简称', '江中集团'], ['江中集团', '享誉', '中国OTC行业的领先企业']]",谁 知 道 江 西 江 中 制 药 （ 集 团 ） 有 限 责 任 公 司 的 简 称 享 誉 中 外 吗 ？,江西江中制药（集团）有限责任公司的简称在中国是什么样的企业？,江西江中制药（集团）有限责任公司这个简称在国内外都有很高的知名度，你知道它的具体名称是什么吗？
"[['钩猛蚁属', '分布区域', '萨摩亚群岛'], ['萨摩亚群岛', '地理位置', '南太平洋'], ['南太平洋', '旁白', '本尼迪克特·康伯巴奇']]",谁 是 钩 猛 蚁 属 的 分 布 区 域 的 地 理 位 置 的 旁 白 ？,谁是钩猛蚁属的分布区域的地理位置的旁白？,钩猛蚁属的分布区域位于哪个地理位置，它的旁白是谁？
"[['春水如蓝', '作者', '开司米'], ['开司米', '分为', '青绒']]",春 水 如 蓝 的 作 者 绒 被 称 为 什 么 ？,请问春水如蓝的作者又被分成什么？,请问《春水如蓝》的作者是谁？
"[['喀布尔机场', '国家', '阿富汗伊斯兰共和国'], ['阿富汗伊斯兰共和国', '国家代码', 'AFG']]",谁 能 告 诉 我 喀 布 尔 机 场 的 国 家 的 代 码 是 什 么 ？,喀布尔机场的国家的代码是多少？,请问喀布尔机场所在国家的代码是什么？
"[['电子化营销', '译者', '史达'], ['史达', '信仰', '元始天尊'], ['元始天尊', '所属', '先天大道化身之一']]",电 子 化 营 销 的 译 者 的 信 仰 所 属 哪 里 ？,电子化营销的译者的信仰所属哪里？,请问电子化营销的译者史达的信仰属于先天大道的哪个化身？
"[['地球启动三步曲', '作者', '茶炉'], ['茶炉', '别名', '茶水炉'], ['茶水炉', '构造', '炉膛']]",地 球 启 动 三 步 曲 的 作 者 的 别 名 的 构 成 是 什 么 ？,你知道地球启动三步曲的作者的别名的主要构成吗？,请问《地球启动三步曲》的作者茶炉的别名是什么？这个别名的构造是怎样的？
"[['黄沾', '代表作品', '沧海一声笑'], ['沧海一声笑', '备注', '任贤齐曾翻唱国语版']]",黄 沾 的 代 表 作 品 做 什 么 备 注 ？,黄沾的代表作品的备注写了什么？,黄沾的代表作《沧海一声笑》有什么特别之处？
"[['亚利桑那州立大学', '知名校友', '詹姆斯·哈登'], ['詹姆斯·哈登', '专业特点', '欧洲步']]",亚 利 桑 那 州 立 大 学 的 知 名 校 友 有 什 么 专 业 特 点 ？,你知道亚利桑那州立大学的知名校友有什么特点吗？,亚利桑那州立大学的知名校友詹姆斯·哈登有什么专业特点？
"[['鸡公山粮液酒', '主要营养成分', '乙醇'], ['乙醇', '危险性符号', 'S7 S16 S36 S45 S36/S37']]",鸡 公 山 粮 液 酒 的 主 要 营 养 成 分 的 危 险 性 符 号 是 什 么 ？,鸡公山粮液酒的主要营养成分的危险性符号是什么？,请问鸡公山粮液酒的主要营养成分的危险性符号是什么？
"[['中华联邦', '前身', '中华帝国'], ['中华帝国', '主要宗教', '儒家']]",中 华 联 邦 的 前 身 的 主 要 宗 教 是 什 么 ？,中华联邦的前身的主要宗教是什么？,请问中华联邦的前身的主要宗教是什么？
"[['夏普 904SH', '颜色', '淡蓝色'], ['淡蓝色', '编曲', '白若溪'], ['白若溪', '宠物', '3只狗,17只猫']]",夏 普 904SH 的 颜 色 的 编 曲 有 哪 些 爱 宠 ？,夏普 904SH的颜色的编曲有哪些爱宠？,夏普 904SH 的淡蓝色配色是由哪位编曲家创作的，同时这位编曲家拥有哪些宠物？
"[['多孔陶瓷', '原料', '堇青石'], ['堇青石', '硬度', '7～7.5（摩尔硬度）']]",请 问 多 孔 陶 瓷 的 原 料 的 硬 度 是 多 少 ？,多孔陶瓷的原料的硬度是多少？,请问多孔陶瓷的原料硬度是多少？
"[['zhttty', '代表作品', '无限恐怖'], ['无限恐怖', '主要角色', '无限流,郑吒,楚轩']]",zhttty 的 代 表 作 品 作 品 的 标 签 是 什 么 ？,zhttty的代表作品作品的标签是什么？,请问zhttty的代表作品《无限恐怖》的主要标签是什么？
"[['北京东华宏泰科技有限公司', '类型', '国家高新技术企业'], ['国家高新技术企业', '来源', '高新技术企业认定管理办法'], ['高新技术企业认定管理办法', '适用对象', '中国境内的高新技术企业']]",北 京 东 华 宏 泰 科 技 有 限 公 司 的 类 型 的 来 源 适 用 于 什 么 对 象 ？,北京东华宏泰科技有限公司的类型的来源适用于什么对象？,请问北京东华宏泰科技有限公司的类型来源适用于哪些对象？
"[['西班牙', '国庆日', '10月12日'], ['10月12日', '出生名人', '丁玲']]",哪 个 名 人 是 在 西 班 牙 的 国 庆 日 出 生 的 ？,你知道哪个名人是在西班牙的国庆日出生的吗？,你知道西班牙国庆日出生的名人是谁吗？
"[['包头医学院学报', '主办单位', '包头医学院'], ['包头医学院', '教职工', '2544名']]",你 知 道 包 头 医 学 院 学 报 的 主 办 单 位 有 多 少 教 职 工 吗 ？,你知道包头医学院学报的主办单位有多少教职工吗？,请问包头医学院学报的主办单位有多少名教职工？
"[['守护者4', '主要成员', '光井爱佳'], ['光井爱佳', '毕业时间', '2012'], ['2012', '别名', '2012世界末日']]",守 护 者 4 的 主 要 成 员 的 毕 业 时 间 款 新 福 美 来 1. 6l 自 动 精 英 版 是 什 么 时 候 推 出 的 ？,守护者4的主要成员的毕业时间云南公务员考试-历年真题精解+全真模拟预测试卷（上）行测是哪个版本的？,请问守护者4的主要成员光井爱佳的毕业时间是哪一年？
"[['双缩脲法', '成分', '氢氧化钾'], ['氢氧化钾', '水溶性', '易溶']]",双 缩 脲 法 的 成 分 是 怎 样 水 溶 的 ？,双缩脲法的成分的水溶性怎么样？,请问双缩脲法的成分氢氧化钾在水中的溶解性如何？
"[['玉娘', '登场作品', '笑傲江湖'], ['笑傲江湖', '集数', '42集（剪辑版56集）']]",玉 娘 的 登 场 作 品 有 多 少 集 ？,你知道玉娘的登场作品有多少集吗？,玉娘出演的《笑傲江湖》这部电视剧总共有多少集？
"[['绝弦', '人物', '钟子期'], ['钟子期', '相关作品', '无']]",绝 弦 的 人 物 有 什 么 相 关 作 品 吗 ？,绝弦的人物有什么相关作品吗？,请问绝弦这个人物有哪些相关作品吗？
"[['岳西县', '下辖地区', '温泉镇'], ['温泉镇', '方言', '赣语']]",岳 西 县 的 下 辖 地 区 使 用 什 么 方 言 ？,岳西县的下辖地区使用什么方言？,请问岳西县下面哪个乡镇使用赣语？
"[['幸运草的夏天', '连载平台', '天翼阅读'], ['天翼阅读', '成立者', '中国电信集团']]",幸 运 草 的 夏 天 的 连 载 平 台 是 哪 个 成 立 的 ？,谁成立了幸运草的夏天的连载平台？,请问《幸运草的夏天》的连载平台是由哪个公司成立的？
"[['笑笑江湖OL', '地区', '地球'], ['地球', '离心率', '0.016710219']]",笑 笑 江 湖 OL 的 地 区 的 离 心 率 是 多 少 ？,笑笑江湖OL的地区的离心率是多少？,笑笑江湖OL所在的地球的离心率是多少？
"[['土肥原贤二', '信仰', '军国主义'], ['军国主义', '表现形式', '拿破仑战争']]",土 肥 原 贤 二 的 信 仰 表 现 在 哪 里 ？,土肥原贤二的信仰是在哪些战争中表现出来的？,土肥原贤二的信仰主要体现在哪些历史事件中？
"[['999牌皮炎平软膏', '别名', '999皮炎平'], ['999皮炎平', '主要用药禁忌', '不可以长期使用']]",999 牌 皮 炎 平 软 膏 的 别 名 主 要 有 什 么 禁 忌 ？,使用999牌皮炎平软膏的别名有哪些禁忌？,请问999牌皮炎平软膏的别名主要有哪些用药禁忌？
"[['醇酒妇人', '近义词', '灯红酒绿'], ['灯红酒绿', '释义', '形容夜饮聚会的情景繁华热闹']]",用 醇 酒 妇 人 的 近 义 词 怎 么 解 释 ？,谁能帮我解释一下醇酒妇人的近义词？,请问'醇酒妇人'的近义词是什么，以及它的意思是什么？
"[['感应系电能表', '中文名', '电能表'], ['电能表', '本质', '测量电能的仪表']]",请 问 感 应 系 电 能 表 的 中 文 名 的 本 质 是 什 么 ？,请问感应系电能表的中文名的本质是什么？,请问感应系电能表这个中文名的本质是什么？
"[['甲酫', '别名', '福尔马林'], ['福尔马林', '危险性符号', 'R：R23/24/25-R34-R40-R43']]",甲 蝶 的 别 名 的 危 险 性 符 号 怎 么 表 示 ？,甲酫的别名的危险性符号怎么表示？,甲酫的别名福尔马林的危险性符号怎么表示？
"[['秦王妃', '作者', '白鳍豚'], ['白鳍豚', '濒危状态', '功能性灭绝']]",秦 王 妃 的 作 者 处 于 怎 样 的 濒 危 状 态 ？,谁知道秦王妃的作者处于怎样的濒危状态？,请问秦王妃的作者是处于什么濒危状态？
"[['体育健康教育', '作者', '孙悦'], ['孙悦', '血型', 'a型']]",体 育 健 康 教 育 的 作 者 的 血 型 是 a 还 是 b ？,体育健康教育的作者的血型是a还是b？,体育健康教育的作者孙悦的血型是A型还是B型？
"[['航海家号', '舰长', '凯瑟琳·珍妮薇'], ['凯瑟琳·珍妮薇', '国籍', '地球'], ['地球', '自转周期', '23h56min4s']]",请 问 航 海 家 号 的 舰 长 的 国 籍 自 转 一 圈 需 要 多 久 ？,请问航海家号的舰长的国籍自转一圈需要多久？,航海家号的舰长是哪个国家的人？航海家号的舰长所在星球自转一圈需要多长时间？
"[['奥北华南虎自然保护区', '保护对象', '华南虎'], ['华南虎', '亚种', '华南虎']]",奥 北 华 南 虎 自 然 保 护 区 的 保 护 对 象 是 什 么 亚 种 ？,奥北华南虎自然保护区的保护对象是什么亚种？,请问奥北华南虎自然保护区的保护对象是哪个亚种？
"[['马其顿', '国庆日', '10月11日'], ['10月11日', '前一天', '10月10日']]",你 知 道 马 其 顿 的 国 庆 日 的 前 一 天 是 多 少 日 吗 ？,你知道马其顿的国庆日的前一天是哪一天？,请问马其顿的国庆日的前一天是哪一天？
"[['标致207 CROSS 1.4L 手动品乐型', '中文名', '标致207'], ['标致207', '轴距', '2450毫米']]",标 致 207 CROSS 1. 4L 手 动 品 乐 型 的 中 文 名 的 轴 距 是 多 少 ？,标致207 CROSS 1.4L 手动品乐型的中文名的轴距是多少？,请问标致207 CROSS 1.4L手动品乐型的中文名的轴距是多少毫米？
"[['不懂装懂', '近义词', '滥竽充数'], ['滥竽充数', '近义词', '鱼目混珠'], ['鱼目混珠', '反义词', '泾渭分明']]",泾 渭 分 明 是 什 么 意 思 ？,请问不懂装懂的近义词的近义词的反义词是什么？,请问泾渭分明是什么意思？
"[['葡萄玛瑙', '性质', '玛瑙'], ['玛瑙', '化学式', 'SiO2']]",你 知 道 葡 萄 玛 瑙 的 性 质 的 化 学 式 吗 ？,你知道葡萄玛瑙的性质的化学式吗？,请问葡萄玛瑙的性质和化学式的具体信息是什么？
"[['蒙鱼器', '地点', '捕鱼'], ['捕鱼', '平台', '789游戏中心']]",谁 知 道 蒙 鱼 器 的 地 点 是 哪 个 平 台 的 ？,蒙鱼器的地点达人之深海狩猎是哪个平台的？,请问蒙鱼器是在哪个平台上的？
"[['亡人节', '别称', '鬼节'], ['鬼节', '设定时间', '三月三'], ['三月三', '流行地区', '广西']]",在 哪 些 地 区 流 行 过 亡 人 节 的 别 称 的 设 定 时 间 ？,在哪些地区流行过亡人节的别称的设定时间？,请问在哪些地区流行过被称为鬼节的亡人节，并且这个节日的设定时间是在三月三？
"[['深圳经济特区', '下辖地区', '福田区'], ['福田区', '经纬度', '北纬22°32′,东经114°0′']]",你 能 说 出 深 圳 经 济 特 区 的 下 辖 地 区 的 经 纬 度 吗 ？,你能说出深圳经济特区的下辖地区的经纬度吗？,请问深圳经济特区的哪个区位于北纬22°32′、东经114°0′的经纬度范围内？
"[['丰满区', '著名景点', '丰满水电站'], ['丰满水电站', '总装机容量', '100.25万千瓦']]",丰 满 区 的 著 名 景 点 总 装 机 容 量 是 多 少 ？,请问丰满区的著名景点的总装机有多大的容量？,请问丰满区的著名景点丰满水电站的总装机容量是多少？
"[['中国摄影年鉴', '作者', '中国摄影家协会'], ['中国摄影家协会', '现任主席', '王瑶']]",中 国 摄 影 年 鉴 的 作 者 现 在 的 主 席 是 谁 ？,中国摄影年鉴的作者现在的主席是谁？,请问《中国摄影年鉴》的作者是谁，他现在担任什么职务？
"[['amazing summer', '播出频道', '高清翡翠台'], ['高清翡翠台', '视频格式', '16:9']]",你 知 道 Amazing Summer 的 播 出 频 道 的 视 频 格 式 是 多 少 吗 ？,你知道amazing summer的播出频道的视频格式是多少吗？,请问 Amazing Summer 在哪个频道播出，它的视频格式是 16:9 吗？
"[['唐卡中的度母、明妃、天女', '书名', '天女'], ['天女', '特指', '星名']]",唐 卡 中 的 度 母 、 明 妃 、 天 女 的 书 名 主 要 特 指 什 么 ？,你说唐卡中的度母、明妃、天女的书名指的是什么？,请问唐卡中度母、明妃、天女的书名主要指的是什么星名？
"[['南方工报', '主办', '广东省总工会'], ['广东省总工会', '所属机构', '全国总工会']]",南 方 工 报 的 主 办 属 于 什 么 机 构 ？,南方工报的主办属于什么机构？,请问南方工报的主办单位是哪个机构？
"[['石龙镇', '下辖地区', '西湖区'], ['西湖区', '火车站', '杭州站']]",石 龙 镇 的 下 辖 地 区 附 近 的 火 车 站 是 什 么 ？,石龙镇的下辖地区附近的火车站是什么？,请问石龙镇附近有哪些火车站？
"[['人间日月长', '作者', '云南'], ['云南', '别名', '云,滇']]",人 间 日 月 长 的 作 者 红 河 奔 牛 俱 乐 部 篮 球 队 是 在 哪 里 创 办 的 ？,人间日月长的作者红河奔牛俱乐部篮球队是在哪里创办的？,请问红河奔牛俱乐部篮球队是在哪里创办的？
"[['仙意红尘', '作者', '自燃点'], ['自燃点', '因素', '压力催化']]",请 问 仙 意 红 尘 的 作 者 是 受 什 么 因 素 影 响 的 ？,请问仙意红尘的作者的因素要什么？,请问仙意红尘的作者是受到哪些因素影响的呢？
"[['凤咀村', '著名景点', '南唐'], ['南唐', '主要城市', '光州'], ['光州', '市花', '潢川金桂']]",凤 咀 村 的 著 名 景 点 的 主 要 城 市 的 市 花 是 什 么 ？,请问凤咀村的著名景点的主要城市的市花是什么啊？,凤咀村著名的景点主要城市是哪里？那个城市的市花是什么？
"[['地热能', '类别', '可再生资源'], ['可再生资源', '概念', '资源']]",如 何 解 释 地 热 能 的 类 别 ？,如何解释地热能的类别？,地热能属于哪一类可再生资源？
"[['规范变换', '类型', '量子力学'], ['量子力学', '起源', '1900年']]",请 问 规 范 变 换 的 类 型 起 源 于 哪 年 ？,规范变换的类型起源于哪年？,规范变换的类型起源于哪一年？
"[['袁艺', '登场作品', '小时代'], ['小时代', 'imdb编码', 'tt3043630']]",袁 艺 的 登 场 作 品 的 imdb 编 码 是 什 么 ？,袁艺的登场作品的imdb编码是什么？,袁艺的登场作品的IMDb编码是多少？
"[['幸福从天而降', '主演', '崔若涵'], ['崔若涵', '代表作品', '大男当婚'], ['大男当婚', '拍摄时间', '2011年6月22日-8月1日']]",幸 福 从 天 而 降 的 主 演 的 代 表 作 品 是 什 么 时 候 拍 的 ？,幸福从天而降的主演的代表作品是什么时候拍摄的？,请问《幸福从天而降》的主演崔若涵的代表作品《大男当婚》是在什么时候拍摄的？
"[['水树奈奈深爱', '填词', '水树奈奈'], ['水树奈奈', '代表作品', '魔法少女奈叶'], ['魔法少女奈叶', '主要配音', '清水爱']]",水 树 奈 奈 深 爱 的 填 词 的 代 表 作 品 的 主 要 配 音 都 有 谁 ？,水树奈奈深爱的填词的代表作品的主要配音都有谁？,水树奈奈深爱的填词代表作品的主要配音演员有哪些？
"[['魔兽世界：熊猫人之谜', '主要角色', '加尔鲁什·地狱咆哮'], ['加尔鲁什·地狱咆哮', '国籍', '奥格瑞玛'], ['奥格瑞玛', '资源', '萨满']]",你 知 道 魔 兽 世 界 ： 熊 猫 人 之 谜 的 主 要 角 色 的 国 籍 包 括 哪 些 资 源 吗 ？,我想知道魔兽世界：熊猫人之谜的主要角色的国籍都包括哪些装备和训练？,你知道《魔兽世界：熊猫人之谜》的主要角色加尔鲁什·地狱咆哮的国籍包括哪些资源吗？
"[['杨玉儿', '登场作品', '隋唐演义'], ['隋唐演义', '集数', '62集']]",杨 玉 儿 的 登 场 作 品 一 共 有 多 少 集 ？,杨玉儿的登场作品一共有多少集？,杨玉儿的登场作品总共有多少集？
"[['邻城村', '地理位置', '古城镇'], ['古城镇', '下辖地区', '辖32个行政村']]",邻 城 村 的 地 理 位 置 下 辖 多 少 个 地 区 ？,你知道邻城村的地理位置下辖多少个地区吗？,请问邻城村属于哪个镇，它下面管辖了多少个村子？
"[['爱在那一天', '主演', '叶青'], ['叶青', '出道地区', '内地']]",爱 在 那 一 天 的 主 演 是 在 哪 里 出 道 的 啊 ？,请问爱在那一天的主演是在哪里出道的啊？,请问《爱在那一天》的主演叶青是在哪里出道的呢？
"[['惠安集团', '定位', '中国兵器工业集团公司'], ['中国兵器工业集团公司', '年营业额', '4002亿元(2014年)']]",惠 安 集 团 的 定 位 年 营 业 额 是 多 少 ？,惠安集团的定位年营业额是多少？,请问惠安集团的定位和年营业额分别是多少？
"[['异江湖', '作者', '展翅翱翔'], ['展翅翱翔', '作者', '浙江'], ['浙江', '历史名人', '金庸']]",你 知 道 异 江 湖 的 作 者'作 者 的 记 者 是 哪 位 吗 ？,你知道异江湖的作者的作者有哪些历史名人吗？,请问，《异江湖》的作者是哪位？
"[['吟游诗人', '所属专辑', '？'], ['？', '音乐风格', '流行']]",你 知 道 歌 手 的 所 属 专 辑 的 音 乐 风 格 是 什 么 吗 ？,in a world like this的风格是什么吟游诗人的所属专辑,请问歌手的所属专辑的音乐风格是什么？
"[['美琴叫你起床', '主要配音', '御坂美琴'], ['御坂美琴', '等级', '超能力者(Level,5)']]",美 琴 叫 你 起 床 的 主 要 配 音 是 哪 个 等 级 的 ？,美琴叫你起床的主要配音是哪个等级的？,美琴叫你起床的主要配音是哪个等级的？
"[['肖正华', '别名', '野望'], ['野望', '作品出处', '全唐诗']]",肖 正 华 的 别 名 这 首 诗 出 自 哪 里 ？,你知道肖正华的别名这个作品出自哪里吗？,请问肖正华的别名'野望'这首诗出自哪里？
"[['郭延濬', '字号', '利川'], ['利川', '市树', '水杉']]",郭 延 濬 的 字 号 的 市 树 是 什 么 ？,郭延濬的字号的市树是什么？,郭延濬的字号对应的市树是什么？
"[['熊出没之摩托大比拼', '对象', '熊大'], ['熊大', '最喜欢的食物', '蜂蜜']]",熊 出 没 之 摩 托 大 比 拼 的 对 象 喜 欢 吃 什 么 ？,你知道熊出没之摩托大比拼的对象最喜欢的食物有哪些？,请问在《熊出没之摩托大比拼》中，熊大最喜欢的食物是什么？
"[['子陵吻鰕虎鱼', '别称', '极乐吻鰕虎'], ['极乐吻鰕虎', '属', '吻鰕虎属\xa0Rhinogobius']]",子 陵 吻 鰕 虎 鱼 的 别 称 是 哪 个 属 的 ？,子陵吻鰕虎鱼的别称是什么属有人知道吗？,请问子陵吻鰕虎鱼的别称属于哪个属呢？
"[['毒舌，傲娇，小豆丁', '中文名', '傲娇'], ['傲娇', '形容', '经常口是心非的女人,经常口是心非的人']]",毒 舌 ， 傲 娇 ， 小 豆 丁 的 中 文 名 形 容 的 是 什 么 ？,谁知道毒舌，傲娇，小豆丁的中文名形容的是什么？,毒舌傲娇小豆丁的中文名形容的是什么？
"[['与索罗斯一起走过的日子', '出版社', '广东'], ['广东', '著名景点', '白云山'], ['白云山', '气候类型', '亚热带季风气候']]",与 索 罗 斯 一 起 走 过 的 日 子 的 出 版 社 的 著 名 景 点 地 区 是 什 么 型 的 气 候 ？,与索罗斯一起走过的日子的出版社的著名景点地区是什么型的气候？,请问与索罗斯一起走过的日子的出版社所在地区的著名景点属于哪种气候类型？
"[['超级变变变', '接档', '妈妈的牵挂'], ['妈妈的牵挂', '主要嘉宾', '李锐'], ['李锐', '女儿', '李蓬熙']]",超 级 变 变 变 的 接 档 的 主 要 嘉 宾 女 儿 叫 什 么 ？,超级变变变的接档的主要嘉宾的女儿叫什么？,请问《超级变变变》接档节目的主要嘉宾李锐的女儿叫什么名字？
"[['活血解毒透肌汤', '主要原料', '防风'], ['防风', '亚纲', '原始花被亚纲']]",活 血 解 毒 透 肌 汤 的 主 要 原 料 属 于 什 么 亚 纲 ？,活血解毒透肌汤的主要原料属于什么亚纲？,请问活血解毒透肌汤的主要原料属于哪个亚纲？
"[['乌蔹莓五加', '别称', '刺五加'], ['刺五加', '毒性', '无毒']]",乌 蔹 莓 五 加 的 别 称 的 毒 性 如 何 ？,乌蔹莓五加的别称的毒性如何？,乌蔹莓五加的别称是什么？它有没有毒性？
"[['四知书屋', '下辖地区', '承德避暑山庄'], ['承德避暑山庄', '外文名称', 'Chengde Mountain Resort']]",四 知 书 屋 的 下 辖 地 区 用 英 文 怎 么 说 ？,四知书屋的下辖地区用英文怎么说？,请问四知书屋的下辖地区用英文怎么说？
"[['新安四家', '相关人物', '弘仁'], ['弘仁', '别名', '渐江'], ['渐江', '法号', '弘仁']]",新 安 四 家 的 相 关 人 物 的 别 名 的 法 号 是 什 么 ？,新安四家的相关人物的别名的法号是什么？,请问新安四家的相关人物的别名对应的法号是什么？
"[['画皮之真爱无悔', '主演', '刘恺威'], ['刘恺威', '女儿', '小糯米']]",你 知 道 画 皮 之 真 爱 无 悔 的 主 演 的 女 儿 小 名 是 什 么 吗 ？,画皮之真爱无悔的主演的女儿小名是什么？,请问《画皮之真爱无悔》的主演刘恺威的女儿小名是什么？
"[['润肺麦冬饮', '主要食材', '石膏'], ['石膏', '化学式', 'CaSO4·2H2O']]",润 肺 麦 冬 饮 的 主 要 食 材 的 化 学 式 是 什 么 ？,你知道润肺麦冬饮的主要食材的化学式吗？,润肺麦冬饮的主要食材的化学式是什么？
"[['阳光动力号', '相关学科', '可再生资源'], ['可再生资源', '概念', '资源']]",如 何 解 释 阳 光 动 力 号 的 相 关 学 科 ？,如何解释阳光动力号的相关学科？,请问如何解释阳光动力号的相关学科？
"[['野马', '外文名', 'Mustang'], ['Mustang', '品牌', '福特野马'], ['福特野马', '生产厂商', '美国福特汽车']]",野 马 的 外 文 名 的 品 牌 的 生 产 厂 商 是 谁 ？,野马的外文名的品牌的生产厂商是谁？,野马这个外文名的品牌是由哪个美国公司生产的？
"[['金星探测器', '探测目标', '金星'], ['金星', '远日点', '108,942,109千米']]",你 知 道 金 星 探 测 器 的 探 测 目 标 的 远 日 点 有 多 远 吗 ？,你知道金星探测器的探测目标的远日点有多远吗？,请问金星探测器的探测目标的远日点距离有多远？
"[['雅法城的黑疫病人', '地区', '巴黎'], ['巴黎', '机场', '奥利机场'], ['奥利机场', '机场代码', 'ORY']]",谁 能 告 诉 我 雅 法 城 的 黑 疫 病 人 的 地 区 的 机 场 的 代 码 是 多 少 ？,谁能告诉我雅法城的黑疫病人的地区的机场的机场代码是多少？,请问雅法城的黑疫病人的地区是巴黎，巴黎的机场代码是多少？
"[['砂型铸造', '使用', '刚玉砂'], ['刚玉砂', '别称', '氧化铝'], ['氧化铝', '水溶性', '不溶于水,易溶于碱和酸']]",砂 型 铸 造 的 使 用 的 别 称 的 水 溶 性 如 何 ？,砂型铸造的使用的别称的水溶性怎么样？,砂型铸造中使用的刚玉砂，它的别称是什么？这种别称的水溶性特性是怎样的？
"[['褚梅宏', '毕业院校', '山东英才学院'], ['山东英才学院', '学校地址', '山东省济南市高新区英才路2号']]",褚 梅 宏 的 毕 业 院 校 在 哪 里 ？,褚梅宏的毕业院校在哪里？,请问褚梅宏的毕业院校位于哪里？
"[['深圳市福田区设计商会', '性质', '福田区'], ['福田区', '经纬度', '北纬22°32′,东经114°0′']]",你 能 说 出 深 圳 市 福 田 区 设 计 商 会 的 性 质 的 经 纬 度 吗 ？,你能说出深圳市福田区设计商会的性质的经纬度吗？,请问深圳市福田区设计商会的性质在地图上的经纬度坐标是什么？
"[['Visual Basic 2005大学教程', '作者', '布拉德利'], ['布拉德利', '场上位置', '教练']]",请 问 Visual Basic 2005 大 学 教 程 的 作 者 在 场 上 的 职 位 是 什 么 啊?,请问Visual Basic 2005大学教程的作者在场上的职位是什么啊?,Visual Basic 2005 大学教程的作者是谁，他在场上担任什么职位？
"[['东厂、西厂', '中文名', '西厂'], ['西厂', '成立日期', '成化十三年（1477年）']]",你 知 道 东 厂 、 西 厂 的 中 文 名 是 什 么 时 候 成 立 的 吗 ？,东厂、西厂的中文名是哪年成立的？,请问东厂和西厂的中文名是什么时候成立的？
"[['桥梁伸缩缝', '中文名', '伸缩缝'], ['伸缩缝', '适用于', '楼顶,建筑物上方。']]",你 知 道 桥 梁 伸 缩 缝 的 中 文 名 适 用 于 哪 里 吗 ？,你知道桥梁伸缩缝的中文名适用于哪里吗？,请问桥梁伸缩缝的中文名适用于哪些地方？
"[['大成', '中文名', '周大成'], ['周大成', '别名', '大成'], ['大成', '中文名', '周大成']]",大 成 的 中 文 名 的 别 名 的 艺 名 是 什 么 ？,大成的中文名的别名的艺名是什么？,请问大成的中文名和别名是什么？
"[['波特切斯特学院斯特拉特福分校', '所属地区', '康涅狄格州'], ['康涅狄格州', '座右铭', '--continues to sustain']]",请 问 波 特 切 斯 特 学 院 斯 特 拉 特 福 分 校 的 所 属 地 区 的 座 右 铭 是 什 么 ？,请问波特切斯特学院斯特拉特福分校的所属地区的座右铭是什么？,请问波特切斯特学院斯特拉特福分校的座右铭是什么？
"[['玄皇', '身份', '元始天尊'], ['元始天尊', '所属', '先天大道化身之一']]",玄 皇 的 身 份 所 属 哪 里 ？,玄皇的身份所属哪里？,请问玄皇的身份属于哪里？
"[['傣族香茅草烤鸡', '主要食材', '香茅草'], ['香茅草', '种', '柠檬草'], ['柠檬草', '族', '高粱族']]",傣 族 香 茅 草 烤 鸡 的 主 要 食 材 的 种 是 哪 个 族 的 植 物,你知道傣族香茅草烤鸡的主要食材的种是哪个族的吗？,傣族香茅草烤鸡的主要食材属于哪个族的植物？
"[['当代中国农村宗族与乡村治理', '出版社', '西北大学'], ['西北大学', '学校类型', '综合性全国重点大学']]",当 代 中 国 农 村 宗 族 与 乡 村 治 理 的 出 版 社 是 什 么 类 型?,当代中国农村宗族与乡村治理的出版社是什么类型的大学？,请问当代中国农村宗族与乡村治理的出版社属于什么类型的学校？
"[['仙剑神魔', '主演', '萧芳芳'], ['萧芳芳', '配偶', '张正甫']]",谁 能 告 诉 我 仙 剑 神 魔 的 主 演 的 丈 夫 是 哪 位 ？,谁能告诉我仙剑神魔的主演的丈夫是哪位？,请问仙剑神魔的主演的丈夫是谁？
"[['内蒙古维信国际高尔夫度假村', '周边景点', '国航大厦'], ['国航大厦', '投资公司', '中国国际航空公司']]",内 蒙 古 维 信 国 际 高 尔 夫 度 假 村 的 周 边 景 点 投 资 了 哪 家 公 司 ？,请问投资内蒙古维信国际高尔夫度假村的周边景点的公司是？,请问内蒙古维信国际高尔夫度假村的周边景点是由哪家公司投资的呢？
"[['历届世界杯冠军', '别称', '国际足联世界杯'], ['国际足联世界杯', '主办机构', '国际足球联合会'], ['国际足球联合会', '现任主席', '詹尼·因凡蒂诺']]",历 届 世 界 杯 冠 军 的 别 称 的 主 办 机 构 现 在 的 主 席 是 谁 ？,谁是历届世界杯冠军的别称的主办机构的现任主席吗？,历届世界杯冠军的别称是什么？它的主办机构现在的主席是谁？
"[['圆梦实业集团', '原名', '圆梦创业联盟'], ['圆梦创业联盟', '下设', '企业咨询培训事业部']]",圆 梦 实 业 集 团 的 原 名 下 设 哪 个 机 构 ？,圆梦实业集团的原名下设了哪些部门？,请问圆梦实业集团的原名下设了哪个机构？
"[['丸美弹力蛋白眼精华', '所属公司', '丸美'], ['丸美', '代言人', '杨子姗']]",丸 美 弹 力 蛋 白 眼 精 华 的 所 属 公 司 代 言 什 么 ？,丸美弹力蛋白眼精华的所属公司曾经有过哪些代言人？,丸美弹力蛋白眼精华是哪家公司代言的？
"[['心梦', '歌曲原唱', '陈键锋'], ['陈键锋', '语言', '英语']]",心 梦 的 歌 曲 原 唱 会 说 哪 些 语 音 ？,心梦的歌曲原唱会说哪些语音？,心梦这首歌的原唱会使用哪些语言演唱？
"[['诺基亚8800Arte', '公司名称', '诺基亚'], ['诺基亚', '组织形式', '外商独资']]",诺 基 亚 8800Arte 的 公 司 名 称 是 什 么 形 式 的 ？,诺基亚8800Arte的公司名称是什么性质的公司？,请问诺基亚8800Arte的公司名称属于什么类型的组织形式？
"[['摩羯座二', '主宰行星', '土星'], ['土星', '平均密度', '0.70g/cm³']]",大 家 知 道 摩 羯 座 二 的 主 宰 行 星 的 平 均 密 度 吗 ？,大家知道摩羯座二的主宰行星的平均密度吗？,请问摩羯座二的掌管行星的平均密度是多少？
"[['Winbook 海王星', '中文名', '海王星'], ['海王星', '质量', '1.0247×10²⁶千克']]",请 问 Winbook 海 王 星 的 中 文 名 有 多 重 ？,请问Winbook 海王星的中文名有多重？,请问Winbook 海王星的质量是多少千克？
"[['死神VS火影1.4无敌版', '游戏类型', '死神VS火影'], ['死神VS火影', '主要角色', '黑崎一护'], ['黑崎一护', '初次登场', '漫画第1话,\xa0动画第1话']]",请 问 死 神 VS 火 影 1. 4 无 敌 版 的 游 戏 类 型 的 主 要 角 色 什 么 时 候 初 次 登 场 ？,请问死神VS火影1.4无敌版的游戏类型的主要角色什么时候初次登场？,死神 VS 火影 1.4 无敌版 的游戏类型是什么？主要角色黑崎一护是在哪一话首次登场？
"[['沧州市食品安全事故应急预案', '性质', '应急预案'], ['应急预案', '学科分类', '公共社会学']]",沧 州 市 食 品 安 全 事 故 应 急 预 案 的 性 质 的 学 科 如 何 分 类 的 ？,沧州市食品安全事故应急预案的性质的学科如何分类的？,沧州市食品安全事故应急预案属于公共社会学中的哪一类学科？
"[['诺基亚 Meego Harmattan 2（概念机）', '中文名', '诺基亚'], ['诺基亚', '组织形式', '外商独资']]",诺 基 亚 Meego Harmattan 2 （ 概 念 机 ） 的 中 文 名 是 什 么 性 质 的 公 司 ？,诺基亚 Meego Harmattan 2（概念机）的中文名是什么性质的公司？,请问诺基亚 Meego Harmattan 2（概念机）的中文名是什么性质的公司？
"[['李洋', '所属运动队', '广州富力足球俱乐部'], ['广州富力足球俱乐部', '拥有者', '张力']]",请 问 李 洋 的 所 属 运 动 队 有 没 有 人 知 道 吗 ？,你知道谁拥有李洋的所属运动队吗？,请问李洋所属的运动队是哪个？
"[['香取茜', '丈夫', '大贺真哉'], ['大贺真哉', '登场作品', '名侦探柯南'], ['名侦探柯南', '揭载号', '1994年第5号（1994年1月5日发行）']]",香 取 茜 的 丈 夫 的 登 场 作 品 的 揭 载 号 是 多 少 ？,香取茜的丈夫的登场作品的揭载号是多少？,香取茜的丈夫大贺真哉在哪部作品里首次登场，这部作品的发行号是多少？
"[['川贝银耳炖雪梨', '原料', '川贝'], ['川贝', '种', '川贝母'], ['川贝母', '族', '百合族']]",川 贝 银 耳 炖 雪 梨 的 原 料 的 种 属 于 什 么 族 ？,川贝银耳炖雪梨的原料的种属于什么族？,请问川贝银耳炖雪梨的原料川贝属于哪个族？
"[['帕努利定理', '应用学科', '空气动力学'], ['空气动力学', '研究内容', '物体在可压缩流体中的运动与受力']]",帕 努 利 定 理 的 应 用 学 科 研 究 些 什 么 内 容 ？,帕努利定理的应用学科研究些什么内容？,帕努利定理在空气动力学中主要研究什么内容？
"[['拍卖行', '主演', '尹素怡'], ['尹素怡', '兴趣', '漫画']]",拍 卖 行 的 主 演 喜 欢 做 什 么 ？,拍卖行的主演有什么兴趣？,拍卖行的主演喜欢什么？
"[['论集部', '作者', '佛教'], ['佛教', '创始人', '释迦牟尼']]",谁 是 论 集 部 的 作 者 的 创 始 人 ？,谁是论集部的作者的创始人？,请问论集部的作者是谁，他的创始人是谁？
"[['木作', '年代', '光绪'], ['光绪', '人物', '爱新觉罗·载湉'], ['爱新觉罗·载湉', '逝世地', '中南海瀛台']]",请 问 木 作 的 年 代 的 人 物 是 在 哪 里 去 世 的 ？,请问木作的年代的人物是在哪里去世的？,请问木作这个年代的人物是在哪里去世的？
"[['尸检', '部门', '卫生行政部门'], ['卫生行政部门', '管辖', '法规']]",谁 能 告 诉 我 尸 检 的 部 门 都 管 哪 些 方 面 的 事 情 ？,谁能告诉我尸检的部门都管些什么方面的事情？,请问尸检的部门主要负责哪些方面的法规制定和管理？
"[['谎言癖', '类型', '人格障碍'], ['人格障碍', '所属科室', '内科']]",谎 言 癖 的 类 型 属 于 什 么 科 室 ？,谁知道分裂型谎言癖的类型属于什么科室吗？,请问谎言癖这种人格障碍属于哪个科室？
"[['云雀北方亚种', '种', '欧亚云雀'], ['欧亚云雀', '体征', '外尾羽白色,尾巴棕色']]",云 雀 北 方 亚 种 的 种 有 什 么 体 征 ？,云雀北方亚种的种有哪些特征？,请问云雀北方亚种的种有什么体征？
"[['托里什韦德拉什防线', '人物', '帷幕'], ['帷幕', '释义', '多指用作遮挡的幕布']]",你 知 道 托 里 什 韦 德 拉 什 防 线 的 人 物 是 什 么 意 思 吗 ？,你知道托里什韦德拉什防线的人物是什么意思吗？,托里什韦德拉什防线的'人物'是什么意思呢？
"[['汉娜·曼根·劳伦斯', '代表作品', '斯巴达克斯：复仇'], ['斯巴达克斯：复仇', '电视台', 'Starz (USA)']]",请 问 汉 娜 · 曼 根 · 劳 伦 斯 的 代 表 作 品 在 哪 个 台 播 放 ？,你们知道汉娜·曼根·劳伦斯的代表作品在哪个台播放吗？,请问汉娜·曼根·劳伦斯的代表作品《斯巴达克斯：复仇》在哪个电视台播放？
"[['徐昊东', '毕业院校', '河北金融学院'], ['河北金融学院', '主管部门', '河北省人民政府']]",徐 昊 东 的 毕 业 院 校 的 主 管 部 门 是 什 么 ？,徐昊东的毕业院校的主管部门是什么？,徐昊东的毕业院校的主管部门是哪个单位？
"[['冠思铂', '外文名', 'GNSPRO'], ['GNSPRO', '中文名称', '冠思铂'], ['冠思铂', '源于', '香港']]",冠 思 铂 的 外 文 名 的 中 文 名 称 起 源 于 哪 里 ？,冠思铂的外文名的中文名称源于哪里？,请问冠思铂的外文名对应的中文名称起源于哪里？
"[['楚德湖', '类别', '淡水湖'], ['淡水湖', '流入', '裕民河,白龙冰河']]",你 知 道 楚 德 湖 的 类 别 流 入 哪 个 河 流 吗 ？,你知道楚德湖的类别流入哪个河流吗？,请问楚德湖属于哪一类湖泊，它流入的河有哪些呢？
"[['中国核仪器设备总公司', '隶属', '中国核工业集团公司'], ['中国核工业集团公司', '总经理', '钱智民']]",中 国 核 仪 器 设 备 总 公 司 的 隶 属 的 总 经 理 是 谁 ？,中国核仪器设备总公司的隶属的总经理是谁？,请问中国核仪器设备总公司的总经理是谁？
"[['杀人陷阱', '作者', '灯红酒绿'], ['灯红酒绿', '释义', '形容夜饮聚会的情景繁华热闹']]",谁 能 帮 我 解 释 一 下 杀 人 陷 阱 的 作 者 ？,谁能帮我解释一下杀人陷阱的作者？,请问，谁可以帮我解释一下《杀人陷阱》的作者是谁？
"[['吴汝俊', '代表作品', '武则天'], ['武则天', '享年', '82岁']]",吴 汝 俊 的 代 表 作 品 活 了 多 少 岁 ？,你知道吴汝俊的代表作品是多少岁的时候死的吗？,吴汝俊的代表作品武则天活了多少岁？
"[['重庆庞顺餐饮有限公司', '经营范围', '火锅'], ['火锅', '起源地', '泸州']]",重 庆 庞 顺 餐 饮 有 限 公 司 的 经 营 范 围 起 源 于 哪 里 ？,重庆庞顺餐饮有限公司的经营范围起源于哪里？,重庆庞顺餐饮有限公司的火锅起源于哪里？
"[['黄精鸡蛋汤', '主要营养成分', '黄精'], ['黄精', '别名', '爪子参（陕西）,笔管菜（辽宁）,黄鸡菜（东北）,鸡头黄精（中药志）,老虎姜（宁夏）,鸡爪参（甘肃）']]",黄 精 鸡 蛋 汤 的 主 要 营 养 成 分 属 于 什 么 种 ？,黄精鸡蛋汤的主要营养成分属于什么种？,黄精鸡蛋汤的主要营养成分是什么？
"[['帐号宝', '软件平台', '腾讯电脑管家'], ['腾讯电脑管家', '运行系统', 'Windows XP/Vista/7/8/10/OS X']]",帐 号 宝 的 软 件 平 台 是 什 么 系 统 运 行 ？,谁能告诉我帐号宝的软件平台是哪个系统的呢？,请问帐号宝的软件平台支持哪些操作系统？
"[['水星', '别称', '辰星'], ['辰星', '别称', '水星'], ['水星', '自转周期', '58.646日']]",水 星 的 别 称 的 别 稱 的 自 转 周 期 是 多 少 ？,水星的别称的别称的自转周期是多少？,请问水星的别称是什么？它的自转周期又是多少天？
"[['无水氢氟酸', '中文别名', '氟化氢'], ['氟化氢', '中文名', '氢氟酸'], ['氢氟酸', '沸点', '112.2℃']]",请 问 无 水 氢 氟 酸 的 中 文 别 名 的 主 要 成 分 是 什 么 ？,请问无水氢氟酸的中文别名的中文名的沸点为多少？,请问无水氢氟酸的中文别名主要成分是什么？
"[['肛周皮肤湿疹', '性质', '湿疹'], ['湿疹', '预防措施', '注意饮食调理,均衡营养,多注意个人卫生,做好过敏性皮炎的防治']]",如 何 预 防 肛 周 皮 肤 湿 疹 的 性 质 ？,如何预防肛周皮肤湿疹的性质？,如何预防肛周皮肤湿疹的性质？
"[['越反越爱', '作曲', '郑楠'], ['郑楠', '妻子', '李纯'], ['李纯', '生肖', '兔']]",越 反 越 爱 的 作 曲 的 妻 子 是 属 什 么 的 ？,越反越爱的作曲的妻子是属什么的来着？,请问《越反越爱》的作曲者的妻子是什么生肖？
"[['耶律齐', '好友', '杨过'], ['杨过', '门派', '古墓派']]",耶 律 齐 的 好 友 属 于 什 么 门 派 ？,大家知道耶律齐的好友是哪个门派的吗？,请问，耶律齐的好朋友属于哪个门派？
"[['建安体', '作者', '曹操'], ['曹操', '谥号', '武皇帝']]",建 安 体 的 作 者 的 谥 号 是 什 么 ？,建安体的作者的谥号是什么来着？,请问建安体的作者是谁，他的谥号是什么？
"[['雪菜蒸鱼', '主要原料', '酸菜'], ['酸菜', '菜系', '满洲菜']]",雪 菜 蒸 鱼 的 主 要 原 料 属 于 什 么 菜 系 ？,雪菜蒸鱼的主要原料属于什么菜系？,雪菜蒸鱼的主要原料属于哪个菜系？
"[['强迫停运', '地点', '三峡大坝'], ['三峡大坝', '投资金额', '总投资4954.6亿元人民币']]",强 迫 停 运 的 地 点 投 资 了 多 少 钱 ？,有人知道强迫停运的地点投资了多少钱吗？,请问强迫停运的地点投资了多少钱？
"[['山西春城乳业有限公司', '总部地点', '山阴县'], ['山阴县', '下辖地区', '古城镇'], ['古城镇', '人口', '6万人']]",你 知 道 山 西 春 城 乳 业 有 限 公 司 的 总 部 地 点 的 下 辖 地 区 有 多 少 人 吗 ？,你知道山西春城乳业有限公司的总部地点的下辖地区有多少人吗？,请问山西春城乳业有限公司的总部地点下的古城镇有多少人口？
"[['绝命律师成田诚', '作者', '高田'], ['高田', '中文名称', '高田村']]",请 问 绝 命 律 师 成 田 诚 的 作 者 ic 的 记 号 是 什 么 ？,请问绝命律师成田诚的作者ic的记号是什么？,请问绝命律师成田诚的作者高田的中文名是什么？
"[['初恋', '专辑歌手', '郭家铭'], ['郭家铭', '喜欢的电影', '泰坦尼克号']]",谁 知 道 初 恋 的 专 辑 歌 手 喜 欢 什 么 电 影 ？,谁知道初恋的专辑歌手喜欢什么电影？,你知道郭家铭喜欢的电影是什么吗？
"[['无泪', '歌曲原唱', '韩栋'], ['韩栋', '代表作品', '天龙八部'], ['天龙八部', '监制', '萧笙']]",无 泪 的 歌 曲 原 唱 的 代 表 作 品 的 监 制 是 哪 位 ？,无泪的歌曲原唱的代表作品的监制是哪位？,请问无泪这首歌曲的原唱的代表作的监制是谁？
"[['段誉', '别名', '段正严'], ['段正严', '在位时间', '1108年—1147年']]",请 问 段 誉 的 别 名 的 在 位 时 间 是 多 少 ？,段誉的别名的在位时间是多少？,请问段誉的别名段正严在位的时间是多久？
"[['iMessage', '发行公司', '苹果公司'], ['苹果公司', '年营业额', '1,827.95,亿美元（2014年）']]",你 知 道 iMessage 的 发 行 公 司 的 年 营 业 额 是 多 少 吗 ？,你知道iMessage的发行公司的年营业额是多少吗？,苹果公司，也就是 iMessage 的发行公司，它的年营业额是多少呢？
"[['动画分镜头创作', '正文语种', '汉语'], ['汉语', '语族与语系', '汉语族']]",请 问 动 画 分 镜 头 创 作 的 正 文 语 种 属 于 哪 个 语 系 ？,请问动画分镜头创作的正文语种属于什么语族和语系？,请问动画分镜头创作的正文语种属于哪个语系？
"[['中国女子重剑队', '知名人物', '李娜'], ['李娜', '体重', '66kg']]",中 国 女 子 重 剑 队 的 知 名 人 物 体 重 有 多 少,打网球的中国女子重剑队的知名人物体重有多少,中国女子重剑队的知名人物李娜的体重是多少？
"[['圣灵教', '出处', '绝世唐门'], ['绝世唐门', '作品标签', '奇遇']]",圣 灵 教 的 出 处 作 品 有 什 么 特 点 ？,圣灵教的出处作品有什么特点？,请问圣灵教在《绝世唐门》这部作品中的特点是什么？
"[['南毛北马之混乱时空', '作者', '连载中'], ['连载中', '中文名', '连载中']]",南 毛 北 马 之 混 乱 时 空 的 作 者 这 本 书 还 在 连 载 中 吗 ？,焚心之城这本小说是完结了还是南毛北马之混乱时空的作者？,请问《南毛北马之混乱时空》的作者还在连载这本书吗？
"[['阿尔忒弥斯', '其他名称', '狄安娜'], ['狄安娜', '别称', '阿尔忒弥斯'], ['阿尔忒弥斯', '所属', '奥林匹斯十二主神之一']]",阿 尔 忒 弥 斯 的 其 他 名 称 的 别 称 属 于 什 么 族 ？,阿尔忒弥斯的其他名称的别称属于什么族？,阿尔忒弥斯，这个奥林匹斯十二主神之一的女神，她的其他名称和别称分别是什么？
"[['太上忘情', '门派', '五毒'], ['五毒', '来自', '剑侠情缘网络版叁'], ['剑侠情缘网络版叁', '收费模式', '时间收费（月卡,点卡两种模式）']]",请 问 太 上 忘 情 的 门 派 的 来 自 是 怎 样 收 费 的 ？,请问太上忘情的门派的来自的收费模式是什么样的？,太上忘情这个门派是来自哪个游戏，它的收费模式是什么？
"[['郑亨敦', '职业', '主持人'], ['主持人', '代表人物', '董卿'], ['董卿', '座右铭', '量力而行']]",郑 亨 敦 的 职 业 的 代 表 人 物 的 座 右 铭 是 什 么 ？,郑亨敦的职业的代表人物的座右铭是什么？,郑亨敦的职业代表人物的座右铭是什么？
"[['麦迪逊豪华住宅区酒店', '周围景观', '罗斯福岛'], ['罗斯福岛', '长', '2.5公里']]",你 知 道 麦 迪 逊 豪 华 住 宅 区 酒 店 的 周 围 景 观 有 多 长 吗 ？,麦迪逊豪华住宅区酒店的周围景观的长是多少？,麦迪逊豪华住宅区酒店周围的罗斯福岛有多长？
"[['蕨麻米饭', '主要原料', '蕨麻'], ['蕨麻', '亚科', '蔷薇亚科']]",蕨 麻 米 饭 的 主 要 原 料 属 于 什 么 亚 科 ？,蕨麻米饭的主要原料属于什么亚科？,请问蕨麻米饭的主要原料属于哪个亚科？
"[['水北街道办事处', '地址', '水北街'], ['水北街', '被称为', '杭州市文物保护点']]",水 北 街 道 办 事 处 的 地 址 又 叫 做 什 么 ？,水北街道办事处的地址又叫做什么？,请问水北街道办事处的具体地址是什么？
"[['仙界传承', '作者', '地球'], ['地球', '轨道倾角', '0（7.25°至太阳赤道）']]",有 人 知 道 仙 界 传 承 的 作 者 的 轨 道 倾 角 是 多 少 呢 ？,有没有人知道仙界传承的作者的轨道倾角是多少呢？,请问，你知道《仙界传承》这本书的作者所在的地球轨道倾角是多少吗？
"[['手机吊带', '外文名', '手机绳'], ['手机绳', '主要材料', 'poly']]",手 机 吊 带 的 外 文 名 的 主 要 材 料 是 什 么 ？,我想知道手机吊带的外文名都是啥材质的呀？,请问手机吊带的主要材料是什么？
"[['博美茶杯犬', '中文名', '博美犬'], ['博美犬', '亚种', '家犬']]",博 美 茶 杯 犬 的 中 文 名 是 属 于 哪 种 犬 的 ？,博美茶杯犬的中文名是属于什么亚种的犬？,请问博美茶杯犬的中文名属于哪种犬的亚种？
"[['惊怒', '作者', '金牌大风'], ['金牌大风', '分公司', '香港']]",惊 怒 的 作 者 的 分 公 司 位 于 哪 里 ？,惊怒的作者的分公司位于哪里？,请问《惊怒》的作者金牌大风的分公司位于哪里？
"[['庞葛爱', '登场作品', '施公奇案'], ['施公奇案', '编导', '李健和']]",庞 葛 爱 的 登 场 作 品 的 编 导 是 谁 ？,谁是庞葛爱的登场作品的编导？,庞葛爱参与的施公奇案的编导是谁？
"[['江湖生化', '作者', '市井小人'], ['市井小人', '【释义】', '：指城市中庸俗鄙陋之人。']]",你 能 解 释 江 湖 生 化 的 作 者 的 含 义 吗 ？,请问江湖生化的作者是什么意思啊？,请问江湖生化的作者是谁？
"[['凤影天下：腹黑君王彪悍后', '作者', '谜语'], ['谜语', '起源', '先秦时代']]",你 知 道 凤 影 天 下 ： 腹 黑 君 王 彪 悍 后 的 作 者 起 源 于 那 里 吗 ？,你知道凤影天下：腹黑君王彪悍后的作者起源于那里吗？,凤影天下：腹黑君王彪悍后的作者起源于哪里？
"[['异世之游记', '作者', '文李'], ['文李', '主讲课程', '生物化学']]",谁 知 道 异 世 之 游 记 的 作 者 主 要 讲 什 么 课 ？,异世之游记的作者 老师主要讲那几门课程？,请问异世之游记的作者主要讲授的是哪门课程？
"[['3D太空站', '其它译名', '国际空间站'], ['国际空间站', '高度', '20米']]",3D 太 空 站 的 其 它 译 名 高 达 多 少 ？,3D太空站的其它译名有多高？,3D太空站的其它译名高度是多少？
"[['MAKGIO', '中文名', '马可吉欧'], ['马可吉欧', '起源于', '意大利皮具品牌世家']]",你 知 道 MAKGIO 的 中 文 名 起 源 于 哪 里 吗 ？,MAKGIO的中文名起源于哪里？,MAKGIO 这个品牌名是从哪里来的？
"[['页页枫情', '作者', '帷幕'], ['帷幕', '释义', '多指用作遮挡的幕布']]",请 问 页 页 枫 情 的 作 者 是 什 么 意 思 ？,你知道页页枫情的作者是什么意思吗？,请问页页枫情的作者是谁？
"[['陇薯7号', '选育单位', '甘肃省农业科学院马铃薯研究所'], ['甘肃省农业科学院马铃薯研究所', '单位性质', '科研事业']]",陇 薯 7 号 的 选 育 单 位 的 性 质 是 什 么 ？,请问陇薯7号的选育单位单位性质是什么？,陇薯7号的选育单位是甘肃省农业科学院马铃薯研究所，这个研究所的单位性质是什么？
"[['毒敌山', '主人', '蝎子精'], ['蝎子精', '结局', '被葫芦娃消灭']]",毒 敌 山 的 主 人 的 结 局 是 什 么 ？,毒敌山的主人的结局是什么？,毒敌山的主人最后怎么样了？
"[['六次别离', '主演', '张悦轩'], ['张悦轩', '好友', '田雨橙,小小志,王诗龄,郭子睿']]",六 次 别 离 的 主 演 的 好 朋 友 都 有 谁 ？,你知道六次别离的主演的好朋友都有谁吗？,请问《六次别离》的主演有哪些好友？
"[['善和', '含义', '和善'], ['和善', '近义词', '和蔼']]",善 和 的 含 义 的 近 义 词 是 什 么 ？,善和的含义的近义词是什么？,请问和善的近义词是什么？
"[['可溶性碱', '举例', '氢氧化钾'], ['氢氧化钾', '水溶性', '易溶']]",可 溶 性 碱 的 举 例 是 怎 么 水 溶 的 ？,可溶性碱的举例的水溶性怎么样？,可溶性碱，比如氢氧化钾，它的水溶性怎么样？
"[['安华桥站', '所属线路', '北京地铁8号线'], ['北京地铁8号线', '路线类型', '地下']]",安 华 桥 站 的 所 属 线 路 是 地 上 还 是 地 下 ？,安华桥站的所属线路属于什么类型？,请问安华桥站是属于地上线路还是地下线路？
"[['双面人', '专辑歌手', '郑伊健'], ['郑伊健', '代表作品', '天行者'], ['天行者', '类型', '动作']]",双 面 人 的 专 辑 歌 手 的 代 表 作 品 都 有 什 么 动 作 ？,双面人的专辑歌手的代表作品属于什么类型？,请问双面人的专辑歌手的代表作品有哪些动作类型的作品？
"[['马元坤', '父亲', '马云'], ['马云', '国籍', '中国']]",马 元 坤 的 父 亲 先 生 的 国 籍 是 什 么 ？,你们知道马元坤的父亲先生的国籍吗？,马元坤的父亲马云的国籍是什么？
"[['法治的追求', '副标题', '理念'], ['理念', '释义2', '观念']]",法 治 的 追 求 的 副 标 题 有 什 么 释 义 ？,法治的追求的副标题有什么释义？,请问法治的追求的副标题的释义是什么？
"[['2-甲基-2,4-戊二醇聚氧丙烯聚氧乙烯醚', '别称', '己二醇'], ['己二醇', '化学品类别', '有机物--醇类']]","请 问 2 - 甲 基 - 2, 4 - 戊 二 醇 聚 氧 丙 烯 聚 氧 乙 烯 醚 的 别 称 是 哪 个 种 类 的 化 学 品 ？","2-甲基-2,4-戊二醇聚氧丙烯聚氧乙烯醚的别称属于什么化学品？","请问2-甲基-2,4-戊二醇聚氧丙烯聚氧乙烯醚的别称属于哪一类有机物？"
"[['房屋裂缝检测与处理技术规程', '作者', '湖南大学'], ['湖南大学', '博士后流动站', '25']]",房 屋 裂 缝 检 测 与 处 理 技 术 规 程 的 作 者 是 在 哪 里 获 得 的 ？,房屋裂缝检测与处理技术规程的作者有多少个博士后流动站？,请问，房屋裂缝检测与处理技术规程的作者是从哪个博士后流动站获得的？
"[['郑全', '派别', '张派'], ['张派', '创始人', '张君秋']]",郑 全 的 派 别 的 创 始 人 是 谁 ？,郑全的派别的创始人是谁？,请问郑全的派别创始人是谁？
"[['自然条件因素', '因素', '洪涝'], ['洪涝', '危害', '财产安全']]",自 然 条 件 因 素 的 因 素 有 什 么 危 害 ？,自然条件因素的因素有什么危害？,自然条件因素中，洪涝会对什么造成危害？
"[['MUSTANG GT', '中文名称', '福特野马'], ['福特野马', '品牌', '福特FORD']]",MUSTANG GT 的 中 文 名 称 车 是 什 么 牌 子 的,MUSTANG GT的中文名称车是什么牌子的,福特野马这个车子的中文名称是什么牌子？
"[['AppleMobileDeviceService.exe', '作者', '苹果公司'], ['苹果公司', '年营业额', '1,827.95,亿美元（2014年）']]",你 知 道 AppleMobileDeviceService. exe 的 作 者 年 营 业 额 是 多 少 吗 ？,你知道AppleMobileDeviceService.exe的作者的年营业额是多少吗？,请问AppleMobileDeviceService.exe的作者是哪家公司，以及这家公司在2014年的年营业额是多少？
"[['酱爆鱿鱼须', '方法', '爆炒'], ['爆炒', '中文名', '爆炒']]",请 问 酱 爆 鱿 鱼 须 的 方 法 是 用 什 么 工 艺 制 成 的 ？,酱爆鱿鱼须的方法鱿鱼是用什么工艺制成的？,请问酱爆鱿鱼须是用什么方法炒制的？
"[['于非', '代表作品', '战火四千金'], ['战火四千金', '首播频道', '山东齐鲁频道']]",于 非 的 代 表 作 品 在 哪 个 频 道 首 播 ？,于非的代表作品在哪个频道首播？,请问于非的代表作品《战火四千金》是在哪个频道首播的？
"[['开水炉', '又称', '茶水炉'], ['茶水炉', '构造', '炉膛']]",你 知 道 开 水 炉 的 又 称 的 主 要 构 成 吗 ？,你知道开水炉的又称的主要构成吗？,请问开水炉的构造主要是什么？
"[['百脂牌蚁灵芝胶囊', '主要成分', '刺五加'], ['刺五加', '毒性', '无毒']]",百 脂 牌 蚁 灵 芝 胶 囊 的 主 要 成 分 的 毒 性 如 何 ？,百脂牌蚁灵芝胶囊的主要成分的毒性如何？,百脂牌蚁灵芝胶囊的主要成分的毒性如何？
"[['袁煦圻', '国籍', '光绪'], ['光绪', '人物', '爱新觉罗·载湉'], ['爱新觉罗·载湉', '逝世地', '中南海瀛台']]",请 问 袁 煦 圻 的 国 籍 的 人 物 是 在 哪 里 去 世 的 ？,请问袁煦圻的国籍的人物是在哪里去世的？,袁煦圻的国籍是哪个国家，这个国家的人是在哪里去世的？
"[['四川天源油橄榄有限公司', '经营范围', '油橄榄'], ['油橄榄', '中文学名', '木犀榄'], ['木犀榄', '族', '木犀榄族']]",四 川 天 源 油 橄 榄 有 限 公 司 的 经 营 范 围 的 中 文 学 名 属 于 什 么 族 ？,有人知道四川天源油橄榄有限公司的经营范围的中文学名属于什么族吗？,四川天源油橄榄有限公司的经营范围中的油橄榄，它的中文学名属于哪个族？
"[['刘力扬', '代表作品', '礼物'], ['礼物', '编曲', '刘力扬']]",刘 力 扬 的 代 表 作 品 的 编 曲 是 谁 ？,你知道刘力扬的代表作品的编曲是谁吗？,请问刘力扬的代表作品的编曲是谁？
"[['高等教育与经济协调发展', '作者', '范明'], ['范明', '工作单位', '江苏南京军区前线话剧团']]",高 等 教 育 与 经 济 协 调 发 展 的 作 者 在 哪 里 工 作 ？,高等教育与经济协调发展的作者在哪个单位工作？,请问《高等教育与经济协调发展》的作者是谁，他目前在哪里工作？
"[['宝莲灯前传', '拍摄地点', '涿州影视城'], ['涿州影视城', '经营理念', '影视为表,旅游为里,文化为魂']]",宝 莲 灯 前 传 的 拍 摄 地 点 的 经 营 理 念 如 何 ？,宝莲灯前传的拍摄地点的经营理念如何？,涿州影视城作为《宝莲灯前传》的拍摄地点，其经营理念是怎样的呢？
"[['金光道长', '饰演', '韩栋'], ['韩栋', '代表作品', '天龙八部'], ['天龙八部', '监制', '萧笙']]",金 光 道 长 的 饰 演 的 代 表 作 品 的 监 制 是 哪 位 ？,金光道长的饰演的代表作品的监制是哪位？,请问金光道长所饰演的代表作品的监制是谁？
"[['WPKI', '简称', 'PKI'], ['PKI', '中文名', '公钥基础设施'], ['公钥基础设施', '英文简称', 'PKI']]",WPKI 的 简 称 的 中 文 名 的 英 文 简 称 是 什 么 ？,什么是WPKI的简称的中文名的英文简称？,请问WPKI的简称是什么？它的中文名是什么？以及它的英文简称为何？
"[['战争之王', '中文名', '罗德'], ['罗德', '生日', '6月20日']]",战 争 之 王 的 中 文 名 是 几 月 几 日 出 生 的 ？,战争之王的中文名是几月几日出生的？,请问战争之王的中文名是几月几日出生的？
"[['冰护', '分类', '抗冻剂'], ['抗冻剂', '类型', '乙醇'], ['乙醇', '危险性符号', 'S7 S16 S36 S45 S36/S37']]",冰 护 的 分 类 的 类 型 的 危 险 性 符 号 是 什 么 ？,冰护的分类的类型的危险性符号是什么？,冰护的分类属于哪一类，它的危险性符号有哪些？
"[['郑州妇女干部学校', '隶属于', '河南省妇女联合会'], ['河南省妇女联合会', '机构设置', '办公室']]",郑 州 妇 女 干 部 学 校 的 隶 属 于 设 置 了 哪 些 机 构 ？,郑州妇女干部学校的隶属于有什么机构？,请问郑州妇女干部学校隶属于哪些机构？
"[['衢州市柯城区人民医院', '医院类型', '人民医院'], ['人民医院', '医院类型', '综合性医院']]",衢 州 市 柯 城 区 人 民 医 院 的 医 院 类 型 是 什 么 类 型 的 ？,彭州市衢州市柯城区人民医院的医院类型是什么类型的？,请问衢州市柯城区人民医院属于哪一种医院类型？
"[['浙江升华拜克生物股份有限公司', '经营范围', '马杜霉素'], ['马杜霉素', '注意事项', '泰妙菌素'], ['泰妙菌素', '分子量', '609.8']]",浙 江 升 华 拜 克 生 物 股 份 有 限 公 司 的 经 营 范 围 的 注 意 事 项 的 分 子 量 是 多 少 ？,浙江升华拜克生物股份有限公司的经营范围的注意事项的分子量是多少？,浙江升华拜克生物股份有限公司的经营范围的注意事项的分子量是多少？
"[['托尼·史塔克', '所属团队', '神盾局'], ['神盾局', '局长', '尼克·弗瑞']]",托 尼 · 史 塔 克 的 所 属 团 队 局 长 是 谁 ？,托尼·史塔克的所属团队局长是谁？,托尼·史塔克所在的团队，其负责人是谁？
"[['慈济人间的海峡医神', '作者', '河池'], ['河池', '特产', '香猪']]",慈 济 人 间 的 海 峡 医 神 的 作 者 有 哪 些 特 产 ？,慈济人间的海峡医神的作者有哪些特产？,请问慈济人间的海峡医神的作者是哪里人，那里有什么特产？
"[['乾盛康中药泡腾片', '营养', '碳酸氢钠'], ['碳酸氢钠', '熔点', '270℃（分解）,270°C分解℃,851℃']]",你 知 道 乾 盛 康 中 药 泡 腾 片 的 营 养 的 熔 点 吗 ？,你知道乾盛康中药泡腾片的营养的熔点吗？,乾盛康中药泡腾片的营养成分的熔点是多少度呢？
"[['奥村雪男', '哥哥', '奥村燐'], ['奥村燐', '家人', '奥村雪男（弟弟）\xa0撒旦（父亲）']]",奥 村 雪 男 的 哥 哥 的 家 人 是 谁 ？,请问奥村雪男的哥哥的家人有哪些？,奥村雪男的哥哥的家人包括谁？
"[['芝加哥公牛队史', '地区', '芝加哥'], ['芝加哥', '著名高校', '西北大学'], ['西北大学', '研究生', '10,759人（2011年秋季）']]",请 问 芝 加 哥 公 牛 队 史 的 地 区 的 著 名 高 校 的 研 究 生 有 多 少 人 ？,请问芝加哥公牛队史的地区的著名高校的研究生有多少人？,芝加哥公牛队史的地区是哪里？那里有哪些著名的高校？其中，这些高校的研究生人数在2011年秋季有多少？
"[['浆糊·爱', '作者', '宁财神'], ['宁财神', '好友', '俞白眉'], ['俞白眉', '妻子', '代乐乐']]",浆 糊 · 爱 的 作 者 的 好 友 的 妻 子 叫 什 么 ？,浆糊·爱的作者的好友的妻子叫什么？,请问《浆糊·爱》的作者的好友的妻子叫什么名字？
"[['梦幻世界穿越记', '作者', '中国银行'], ['中国银行', '公司名称', '中国银行']]",谁 知 道 梦 幻 世 界 穿 越 记 的 作 者 的 名 字 叫 什 么 ？,谁知道梦幻世界穿越记的作者100周年纪念钞是由哪个单位发行的？,请问梦幻世界穿越记的作者是谁？
"[['德国皇帝', '字号', '威廉一世'], ['威廉一世', '母亲', '梅克伦堡-施特雷利茨郡主路易丝']]",有 人 知 道 德 国 皇 帝 的 字 号 的 母 亲 是 哪 位 吗 ？,有人知道德国皇帝的字号的母亲是哪位吗？,请问德国皇帝的字号是谁的母亲？
"[['李小雨', '代表作品', '最后一分钟'], ['最后一分钟', '选自', '人教版小学五年级上册七单元24课']]",你 知 道 李 小 雨 的 代 表 作 品 选 自 哪 里 吗 ？,你知道李小雨的代表作品选自什么吗？,请问李小雨的代表作品是选自哪里？
"[['苏格拉底/重读先哲', '副标题', '苏格拉底'], ['苏格拉底', '主要领域', '伦理学']]",苏 格 拉 底 / 重 读 先 哲 的 副 标 题 从 事 于 哪 些 领 域 ？,苏格拉底/重读先哲的副标题的主要研究领域有哪些？,苏格拉底 / 重读先哲的副标题涉及了哪些主要领域？
"[['老年节', '别名', '重阳节'], ['重阳节', '节日活动', '踏秋']]",老 年 节 的 别 名 有 哪 些 传 统 习 俗 ？,老年节的别名有哪些传统习俗？,请问老年节有哪些传统习俗？
"[['曾今可', '出生地', '泰和县'], ['泰和县', '政府驻地', '澄江镇'], ['澄江镇', '车牌代码', '赣D']]",曾 今 可 的 出 生 地 的 政 府 驻 地 的 车 牌 代 码 是 什 么 ？,曾今可的出生地的政府驻地的车牌代码是什么？,请问曾今可的出生地的政府驻地的车牌代码是什么？
"[['西安机电信息技术研究所', '别称', '中国兵器工业集团公司'], ['中国兵器工业集团公司', '年营业额', '4002亿元(2014年)']]",西 安 机 电 信 息 技 术 研 究 所 的 别 称 年 营 业 额 是 多 少 ？,西安机电信息技术研究所的别称年营业额是多少？,请问西安机电信息技术研究所的别称对应的年营业额是多少？
"[['曼谷', '制片人', '叶巍民'], ['叶巍民', '代表作品', '干得漂亮'], ['干得漂亮', '上星平台', '辽宁卫视']]",请 问 曼 谷 的 制 片 人 的 代 表 作 品 在 哪 个 平 台 播 放 ？,你知道曼谷的制片人的代表作品在哪个平台播放吗？,请问曼谷的制片人的代表作品在哪个平台播出？
"[['叉烧姜葱捞面', '主要原料', '高汤'], ['高汤', '主要食材', '骨头']]",叉 烧 姜 葱 捞 面 的 主 要 原 料 要 用 到 什 么 ？,请问叉烧姜葱捞面的主要原料的主要食材是什么？,叉烧姜葱捞面的主要原料是什么？
"[['张翰', '代表作品', '隋唐演义'], ['隋唐演义', '集数', '62集']]",张 翰 的 代 表 作 品 一 共 有 多 少 集 ？,张翰的代表作品一共有多少集？,张翰的代表作《隋唐演义》总共有多少集？
"[['美国地理', '主要湖泊', '苏必利尔湖'], ['苏必利尔湖', '流入', '尼皮贡河（Nipigon）,圣路易河(St. Louis),鸽子河(Pigeon),皮克河(Pic),白河 (安大略省)']]",美 国 地 理 的 主 要 湖 泊 流 入 哪 些 河 流 ？,美国地理的主要湖泊流入哪些河流？,美国地理中的主要湖泊有哪些河流流入？
"[['罗砂', '儿女', '我爱罗'], ['我爱罗', '师傅', '马基']]",你 知 道 罗 砂 的 儿 女 的 作 者 是 谁 吗 ？,你知道罗砂的儿女的作者是谁吗？,请问罗砂的儿女的作者是谁？
"[['瑙玛', '籍贯', '镶黄旗'], ['镶黄旗', '建立于', '明万历四十三年(公元1615年)']]",请 问 瑙 玛 的 籍 贯 是 什 么 时 候 开 始 有 的 ？,你知道瑙玛的籍贯是什么时候开始有的吗？,瑙玛的籍贯是什么时候建立的？
"[['上海锐英信息安全技术有限公司', '总部地点', '上海浦东软件园'], ['上海浦东软件园', '荣誉', '国家软件产业基地']]",你 知 道 上 海 锐 英 信 息 安 全 技 术 有 限 公 司 的 总 部 地 点 获 得 过 什 么 荣 誉 吗 ？,你知道上海锐英信息安全技术有限公司的总部地点获得过什么荣誉吗？,请问上海锐英信息安全技术有限公司的总部地点获得了哪些荣誉？
"[['黑化股份', '产品服务', '苯酚'], ['苯酚', '危险品运输编号', 'UN 2821 6.1/PG 2']]",请 问 黑 化 股 份 的 产 品 服 务 的 危 险 品 运 输 编 号 是 什 么 ？,黑化股份的产品服务的危险品运输编号是多少？,请问黑化股份的苯酚产品服务的危险品运输编号是多少？
"[['飞龙在天', '作品出处', '读书网'], ['读书网', '由来', '纪念1917年中国现代文学运动']]",请 问 飞 龙 在 天 的 作 品 出 处 是 由 什 么 来 的 ？,飞龙在天的作品出处的由来是什么？,飞龙在天的作品出处有什么历史背景吗？
"[['格鲁比', '中文名', '伯爵与妖精'], ['伯爵与妖精', '原版名称', '伯爵と妖精']]",格 鲁 比 的 中 文 名 原 名 什 么 ？,谁知道格鲁比的中文名原版叫什么？,请问，格鲁比的中文名是什么？它的原版名称又是什么呢？
"[['春灯', '用途', '春节'], ['春节', '持续时间', '4000余年']]",春 灯 的 用 途 有 多 长 时 间 ？,春灯的用途有多长时间？,春灯的用途持续了多久？
"[['第三届中国摄影艺术节', '主办单位', '中国摄影家协会'], ['中国摄影家协会', '现任主席', '王瑶']]",第 三 届 中 国 摄 影 艺 术 节 的 主 办 单 位 现 在 的 主 席 是 谁 ？,第三届中国摄影艺术节的主办单位现在的主席是谁？,请问，第三届中国摄影艺术节的主办单位现任主席是谁？
"[['休斯敦火箭队', '知名人物', '詹姆斯·哈登'], ['詹姆斯·哈登', '专业特点', '欧洲步']]",休 斯 敦 火 箭 队 的 知 名 人 物 有 什 么 专 业 特 点 ？,你知道休斯敦火箭队的知名人物有什么特点吗？,休斯敦火箭队有哪些知名人物，他们的专业特点是什么？
"[['肉丸豆腐蛋汤', '主要原料', '四喜丸子'], ['四喜丸子', '菜系', '豫菜系']]",请 问 肉 丸 豆 腐 蛋 汤 的 主 要 原 料 属 于 哪 种 菜 系 ？,请问肉丸豆腐蛋汤的主要原料属于哪种菜系？,请问肉丸豆腐蛋汤的主要原料属于哪种菜系？
"[['为农副产品找销路', '出版社', '武汉大学'], ['武汉大学', '中文名', '武汉大学']]",为 农 副 产 品 找 销 路 的 出 版 社 的 中 文 名 是 什 么 ？,为农副产品找销路的出版社学报（医学版）的主办单位是哪里？,请问为农副产品找销路的出版社的中文名是什么？
"[['泰坦星', '象征物', '土星'], ['土星', '质量', '95.16(地球为1),5.688×10²⁶kg']]",泰 坦 星 的 象 征 物 的 质 量 是 多 重 ？,泰坦星的象征物的质量是多重？,泰坦星的象征物的质量是多少？
"[['中华福协会', '理念', '现代传播'], ['现代传播', '收录', '中文核心期刊']]",中 华 福 协 会 的 理 念 是 收 录 在 哪 里 的 ？,请问中华福协会的理念是收录在哪里的？,请问中华福协会的理念被收录在哪个期刊中？
"[['三代厨房', '中文名', '婆媳大战'], ['婆媳大战', '发行日期', '2009年']]",你 知 道 三 代 厨 房 的 中 文 名 的 哪 年 发 行 的 吗 ？,你知道三代厨房的中文名的哪年发行的吗？,请问三代厨房的中文名是哪一年发行的？
"[['中国医药技术经济与管理', '编辑单位', '中国科学技术信息研究所'], ['中国科学技术信息研究所', '所长', '戴国强']]",中 国 医 药 技 术 经 济 与 管 理 的 编 辑 单 位 的 最 高 领 导 是 谁 呀 ？,现在的中国医药技术经济与管理的编辑单位的最高领导是谁呀？,中国医药技术经济与管理的编辑单位最高领导是谁？
"[['装甲体', '出处', '数码宝贝'], ['数码宝贝', '主要配音', '德光由禾']]",装 甲 体 的 出 处 的 主 要 配 音 都 有 谁 ？,谁是装甲体的出处的主要配音？,装甲体的出处的主要配音演员有哪些？
"[['岳父也是爹', '其它译名', '接班女婿'], ['接班女婿', '主演', '范明'], ['范明', '工作单位', '江苏南京军区前线话剧团']]",岳 父 也 是 爹 的 其 它 译 名 的 主 演 在 哪 个 单 位 工 作 ？,岳父也是爹的其它译名的主演在哪个单位工作？,请问，《岳父也是爹》的其它译名的主演范明是在哪个单位工作的？
"[['狐火锦卫门', '流派', '见闻色霸气'], ['见闻色霸气', '出处', '航海王'], ['航海王', '单行本册数', '80卷（2015年12月）']]",狐 火 锦 卫 门 的 流 派 的 出 处 有 多 少 单 行 本 ？,狐火锦卫门的流派的出处有多少单行本？,狐火锦卫门的流派在《航海王》这部漫画中有多少卷呢？
"[['膝盖中箭体', '出处', '上古卷轴5：天际'], ['上古卷轴5：天际', '适合年龄', '18岁以上']]",膝 盖 中 箭 体 的 出 处 适 合 几 岁 的 人 玩,大家清楚膝盖中箭体的出处适合几岁的人吗？,请问《上古卷轴5：天际》中的膝盖中箭体适合多少岁以上的玩家呢？
"[['金银岛小飞侠', '出版社', '北京'], ['北京', '地区生产总值', '22968.6亿元（2015年）']]",金 银 岛 小 飞 侠 的 出 版 社 的 gdp 有 多 少 ？,金银岛小飞侠的出版社的生产总值是多少？,请问金银岛小飞侠的出版社所在地的地区生产总值是多少？
"[['纳基', '登场作品', '东京食尸鬼'], ['东京食尸鬼', '其他名称', '东京喰种']]",纳 基 的 登 场 作 品 的 别 名 是 什 么 ？,纳基的登场作品还有哪些别的名称？,请问纳基的登场作品的别名是什么？
"[['venus', '中文名', '金星'], ['金星', '远日点', '108,942,109千米']]",你 知 道 venus 的 中 文 名 的 远 日 点 有 多 远 吗 ？,你知道venus的中文名的远日点有多远吗？,请问金星，也就是venus的远日点距离有多远？
"[['让爱冬眠', '专辑', '第一楠主角'], ['第一楠主角', '表演者', '孙楠']]",让 爱 冬 眠 的 专 辑 的 主 演 是 谁 ？,让爱冬眠的专辑的表演者是谁？,请问《让爱冬眠》这张专辑的主演是谁？
"[['姚剑军', '主要成就', '飞鱼科技'], ['飞鱼科技', '代表作品', '保卫萝卜'], ['保卫萝卜', '最新版本', '1.1.5']]",姚 剑 军 的 主 要 成 就 的 代 表 作 品 当 前 是 什 么 版 本 ？,姚剑军的主要成就的代表作品当前是什么版本？,请问姚剑军的主要成就的代表作品当前是哪个版本？
"[['冠思铂', '外文名', 'GNSPRO'], ['GNSPRO', '中文名称', '冠思铂'], ['冠思铂', '诞生', '1986年']]",谁 能 告 诉 我 冠 思 铂 的 外 文 名 的 中 文 名 称 是 哪 一 年 诞 生 的 ？,请问冠思铂的外文名的中文名称是什么时候出生的？,请问冠思铂的外文名对应的中文名称是在哪一年诞生的？
"[['let it go', '歌曲原唱', '伊藤由奈'], ['伊藤由奈', '喜欢的歌手', 'Mariah Carey ,Janet Jackson']]",let it go 的 歌 曲 原 唱 喜 欢 哪 个 歌 手 ？,我很好奇let it go的歌曲原唱喜欢哪位歌手？,你知道《let it go》这首歌的原唱是谁，并且他喜欢哪些歌手吗？
"[['戴恩·德哈恩', '代表作品', '超凡蜘蛛侠2'], ['超凡蜘蛛侠2', 'imdb编码', 'tt1872181']]",戴 恩 · 德 哈 恩 的 代 表 作 品 的 imdb 编 码 是 什 么 ？,你知道戴恩·德哈恩的代表作品的imdb编码是什么吗？,请问戴恩·德哈恩的代表作《超凡蜘蛛侠2》的IMDb编码是多少？
"[['杨露禅、武禹襄故居', '中文名', '杨露禅'], ['杨露禅', '子', '杨健侯']]",你 知 道 杨 露 禅 、 武 禹 襄 故 居 的 中 文 名 的 儿 子 是 谁 吗 ？,你知道杨露禅、武禹襄故居的中文名的儿子是谁吗？,请问杨露禅、武禹襄故居的中文名的儿子是谁？
"[['超级减肥王', '主持人', '谢楠'], ['谢楠', '三围', '90 52 89']]",请 问 超 级 减 肥 王 的 主 持 人 的 三 围 多 少 ？,请问超级减肥王的主持人的三围多少？,请问《超级减肥王》的主持人的三围是多少？
"[['科教文汇杂志社', '中文名称', '科教文汇'], ['科教文汇', '编辑单位', '科教文汇编辑部']]",科 教 文 汇 杂 志 社 的 中 文 名 称 是 哪 个 单 位 编 辑 的 ？,科教文汇杂志社的中文名称是哪个单位编辑的？,科教文汇杂志社的中文名称是由哪个单位编辑的？
"[['邢台隋代邢窑', '作者', '李军'], ['李军', '主要成就', '海南省委副书记']]",邢 台 隋 代 邢 窑 的 作 者 有 哪 些 主 要 成 就 ？,有谁知到邢台隋代邢窑的作者这个人都有什么成就,邢台隋代邢窑的作者李军的主要成就是什么？
"[['安平生活网', '类别', '网络营销平台'], ['网络营销平台', '是指', '网站']]",什 么 事 安 平 生 活 网 的 类 别 ？,什么事安平生活网的类别？,安平生活网属于什么类别？
"[['美丽梦乡', '填词', '阿筎那'], ['阿筎那', '出生日期', '10月12日'], ['10月12日', '逝世名人', '张伯伦']]",美 丽 梦 乡 的 填 词 的 出 生 日 期 逝 世 了 哪 些 名 人 ？,你知道美丽梦乡的填词的出生日期有哪个名人离世吗？,请问美丽梦乡的填词人阿筎那的出生日期是哪一天，以及他逝世时有哪些名人？
"[['漩涡慕留人', '妹妹', '漩涡向日葵'], ['漩涡向日葵', '哥哥', '漩涡博人']]",请 问 漩 涡 慕 留 人 的 妹 妹 的 哥 哥 是 谁 啊 ？,请问漩涡慕留人的妹妹的哥哥是谁啊？,请问漩涡慕留人的妹妹的哥哥是谁？
"[['资治通鉴·后梁纪·承业进谏', '人物', '张承业'], ['张承业', '官职', '河东监军使,监军']]",资 治 通 鉴 · 后 梁 纪 · 承 业 进 谏 的 人 物 有 什 么 官 职 ？,谁知道资治通鉴·后梁纪·承业进谏的人物的官职是什么？,资治通鉴·后梁纪·承业进谏中的人物张承业担任了什么官职？
"[['骠国舞姬', '其它译名', '舞乐传奇'], ['舞乐传奇', '制片人', '周亚平,蒋晓荣,杨于明']]",骠 国 舞 姬 的 其 它 译 名 的 制 片 人 是 谁 ？,请问骠国舞姬的其它译名的总制片人是谁？,请问舞乐传奇的制片人有哪些？
"[['艾茵哈特', '人物出处', '魔法少女奈叶'], ['魔法少女奈叶', '地区', '日本']]",艾 茵 哈 特 的 人 物 出 处 都 在 什 么 地 区 ？,艾茵哈特的人物出处都在什么地区播出,请问艾茵哈特这个人物出自哪个地区？
"[['第四忍界大战', '角色设计', '旗木卡卡西'], ['旗木卡卡西', '父亲', '旗木朔茂'], ['旗木朔茂', '出身', '木叶隐村']]",第 四 忍 界 大 战 的 角 色 设 计 的 父 亲 的 出 身 如 何 ？,第四忍界大战的角色设计的父亲的出身如何？,第四忍界大战中旗木卡卡西的父亲旗木朔茂的出身是什么？
"[['美丽月见草', '别称', '夜来香'], ['夜来香', '纲', '双子叶植物纲']]",美 丽 月 见 草 的 别 称 属 于 什 么 纲 ？,谁知道美丽月见草的别称属于哪个纲的植物,请问美丽月见草的别称属于哪个植物纲？
"[['山脚麻', '中文学名', '光叶山黄麻'], ['光叶山黄麻', '分布区域', '渐江'], ['渐江', '法号', '弘仁']]",山 脚 麻 的 中 文 学 名 的 分 布 区 域 的 法 号 是 什 么 ？,山脚麻的中文学名的分布区域的法号是什么？,请问山脚麻的中文学名在渐江的法号是什么？
"[['蜀桑子', '出自', '轩辕剑'], ['轩辕剑', '开发商', '大宇资讯股份有限公司（DOMO小组）']]",蜀 桑 子 的 出 自 是 开 发 什 么 公 司 ？,你知道蜀桑子的出自的开发商是谁吗？,请问蜀桑子是由哪家公司开发的？
"[['爱新觉罗·奕詝', '逝世地', '承德避暑山庄'], ['承德避暑山庄', '外文名称', 'Chengde Mountain Resort']]",爱 新 觉 罗 · 奕 詝 的 逝 世 地 用 英 文 怎 么 说 ？,爱新觉罗·奕詝的逝世地用英文怎么说？,请问爱新觉罗·奕詝的逝世地用英文怎么说？
"[['刺客聂隐娘', '主演', '周韵'], ['周韵', '婚姻状况', '已婚']]",刺 客 聂 隐 娘 的 主 演 现 在 是 已 婚 还 是 未 婚 ？,刺客聂隐娘的主演现在是已婚还是未婚？,请问《刺客聂隐娘》的主演周韵现在是否已婚？
"[['央视财经评论', '原名', '今日观察'], ['今日观察', '现名', '央视财经评论']]",请 问 央 视 财 经 评 论 的 原 名 叫 什 么 名 字 ？,请问央视财经评论的原名现在叫什么名字？,请问央视财经评论的原名称是什么？
"[['英石', '使用范围', '不列颠群岛'], ['不列颠群岛', '主权国家', '北爱尔兰']]",你 知 道 英 石 的 使 用 范 围 的 主 权 国 家 是 什 么 吗 ？,你知道英石的使用范围的主权国家是什么吗？,请问英石的使用范围的主权国家是哪个？
"[['中国城镇化发展速度与质量问题研究', '出版社', '东北大学'], ['东北大学', '现任校长', '赵继']]",中 国 城 镇 化 发 展 速 度 与 质 量 问 题 研 究 的 出 版 社 现 在 的 校 长 是 谁 ？,你知道中国城镇化发展速度与质量问题研究的出版社现在的校长是谁吗？,请问《中国城镇化发展速度与质量问题研究》这本书的出版社现任校长是谁？
"[['紫翠玉', '美誉', '红宝石'], ['红宝石', '折射率', '彩色宝石之王']]",紫 翠 玉 的 美 誉 的 折 射 率 是 多 少 ？,紫翠玉的美誉的折射率是多少？,紫翠玉被誉为红宝石，那么红宝石的折射率是多少呢？
"[['含钒钢', '属于', '碳'], ['碳', '密度', '1.8']]",请 问 含 钒 钢 的 属 于 的 密 度 是 多 少 ？,请问含钒钢的属于的密度是多少？,请问含钒钢的密度是多少？
"[['胶东面花', '别称', '礼花'], ['礼花', '应用范围', '节日助兴']]",胶 东 面 花 的 别 称 现 在 在 哪 应 用 ？,胶东面花的别称应用在哪个方面？,请问胶东面花的别称现在应用在哪些节日中？
"[['中国医药技术经济与管理', '主办单位', '中国科学技术信息研究所'], ['中国科学技术信息研究所', '所长', '戴国强']]",中 国 医 药 技 术 经 济 与 管 理 的 主 办 单 位 的 最 高 领 导 是 谁 呀 ？,现在的中国医药技术经济与管理的主办单位的最高领导是谁呀？,中国医药技术经济与管理的主办单位最高领导是谁？
"[['赤水市人民政府办公室关于做好市“两会”和2008年春节期间食品药品安全工作的紧急通知', '部门', '赤水市人民政府办公室'], ['赤水市人民政府办公室', '中文名', '赤水市人民政府办公室']]",哪 个 部 门 颁 布 了 赤 水 市 人 民 政 府 办 公 室 关 于 做 好 市 “ 两 会 ” 和 2008 年 春 节 期 间 食 品 药 品 安 全 工 作 的 紧 急 通 知 的 部 门 关 于 颁 布 实 施 细 则 的 通 知 ？,哪个机构颁布了赤水市人民政府办公室关于做好市“两会”和2008年春节期间食品药品安全工作的紧急通知的部门关于建立赤水市知识产权办公会议制度的通知？,请问是哪个部门发布了关于赤水市人民政府办公室关于做好市'两会'和2008年春节期间食品药品安全工作的紧急通知的实施细则的通告？
"[['吉林库蠓', '科', '蜢科'], ['蜢科', '科', '虻科Tabanidae']]",吉 林 库 蠓 的 科 是 哪 个 科 ？,吉林库蠓的科属于什么科？,请问吉林库蠓属于哪个科？
"[['14族元素', '别名', '碳族元素'], ['碳族元素', '包括', '碳'], ['碳', '密度', '1.8']]",请 问 14 族 元 素 的 别 名 的 包 括 的 密 度 是 多 少 ？,请问14族元素的别名的包括的密度是多少？,请问14族元素的别名包括的碳的密度是多少？
"[['寒痰', '常见发病部位', '喉咙'], ['喉咙', '泛指', '喉腔']]",寒 痰 的 常 见 发 病 部 位 泛 指 什 么 ？,你知道寒痰的常见发病部位泛指什么吗？,寒痰的常见发病部位通常是指什么地方呢？
"[['济州特别自治道', '下辖地区', '济州市'], ['济州市', '市鸟', '济州白背啄木鸟']]",大 家 了 解 济 州 特 别 自 治 道 的 下 辖 地 区 的 市 鸟 吗 ？,大家了解济州特别自治道的下辖地区的市鸟吗？,请问济州特别自治道的下辖地区市鸟是什么？
"[['重庆博圣酒店', '地理位置', '大渡口区'], ['大渡口区', '火车站', '重庆西站'], ['重庆西站', '车站等级', '特等站']]",重 庆 博 圣 酒 店 的 地 理 位 置 的 火 车 站 这 个 车 站 属 于 什 么 等 级 ？,重庆博圣酒店的地理位置的火车站这个车站属于什么等级？,请问重庆博圣酒店所处的火车站是哪个等级？
"[['王诗龄', '好友', '张悦轩'], ['张悦轩', '好友', '田雨橙,小小志,王诗龄,郭子睿']]",你 知 道 王 诗 龄 的 好 友 的 好 朋 友 都 有 谁 吗 ？,你知道王诗龄的好友的好朋友都有谁吗？,王诗龄的好朋友中，谁和谁又是好朋友呢？
"[['月亮月亮', '歌曲原唱', '李贞贤'], ['李贞贤', '家庭成员', '父:李吉戌,母:鲁在姬,4个姐姐']]",请 问 月 亮 月 亮 的 歌 曲 原 唱 还 有 哪 些 家 庭 成 员 ？,请问月亮月亮的歌曲原唱还有哪些家庭成员？,请问除了李贞贤，月亮月亮的歌曲还有哪些家庭成员参与？
"[['卡尔', '登场作品', '侠盗猎车手：圣安地列斯'], ['侠盗猎车手：圣安地列斯', '发行日期', '2004年10月26日（PS2）2005年6月7日（Xbox,PC）2008年10月20日（Xbox,360）2010年11月12日（OS,X）2012年12月11日（PS3）展开发行日期2004年10月26日（PS2）2005年6月7日（Xbox,PC）2008年10月20日（Xbox,360）2010年11月12日（OS,X）2012年12月11日（PS3）2013年12月12日（iOS）2013年12月19日（Android）收起']]",卡 尔 的 登 场 作 品 什 么 时 候 发 行 的 有 人 知 道 吗 ？,卡尔的登场作品是什么时候发行的有人知道吗？,请问卡尔的登场作品《侠盗猎车手：圣安地列斯》是在什么时候发行的？
"[['365夜故事精选（全十册）', '作者', '兰州大学'], ['兰州大学', '博士后流动站', '19个']]",365 夜 故 事 精 选 （ 全 十 册 ） 的 作 者 有 多 少 个 博 士 后 流 动 站 ？,365夜故事精选（全十册）的作者有多少博士后流动站？,请问兰州大学，作为《365夜故事精选（全十册）》的作者，拥有多少个博士后流动站？
"[['杨露禅', '子', '杨班侯'], ['杨班侯', '师傅', '杨露禅'], ['杨露禅', '子', '杨健侯']]",你 知 道 杨 露 禅 的 子 的 师 傅 的 儿 子 是 谁 吗 ？,你知道杨露禅的子的师傅的儿子是谁吗？,请问杨露禅的儿子的师傅是谁的孙子？
"[['鲁迪·费尔南德斯', '国籍', '西班牙'], ['西班牙', '国庆日', '10月12日'], ['10月12日', '出生名人', '丁玲']]",你 知 道 哪 个 名 人 是 鲁 迪 · 费 尔 南 德 斯 的 国 籍 的 国 庆 日 出 生 的 吗 ？,你知道哪个名人是在鲁迪·费尔南德斯的国籍的国庆日出生的吗？,请问，鲁迪·费尔南德斯的国籍的国庆日上出生的是哪位名人？
"[['我希望为了哥哥很好', '拍摄地点', '广州'], ['广州', '市花', '迎春花']]",我 希 望 为 了 哥 哥 很 好 的 拍 摄 地 点 市 花 是 什 么 花 ？,你听过我希望为了哥哥很好的拍摄地点的市花是什么吗？,请问广州的市花是什么？
"[['衰退时尚', '人物', '凯特·温斯莱特'], ['凯特·温斯莱特', '代表作品', '泰坦尼克号'], ['泰坦尼克号', '制片成本', '2亿美元']]",衰 退 时 尚 的 人 物 的 代 表 作 品 总 成 本 是 多 少 ？,衰退时尚的人物的代表作品的制片成本是多少？,请问衰退时尚中凯特·温斯莱特的代表作品《泰坦尼克号》的总成本是多少？
"[['七十二家房客', '主演', '郑钤丹'], ['郑钤丹', '最喜欢的动物', '白兔,小狗']]",你 知 道 七 十 二 家 房 客 的 主 演 最 喜 欢 什 么 动 物 吗 ？,七十二家房客的主演最喜欢什么小动物？,请问《七十二家房客》的主演最喜欢的动物是什么？
"[['马骝精大闹天宫', '导演', '陈平'], ['陈平', '逝世日期', '前178年']]",我 想 知 道 马 骝 精 大 闹 天 宫 的 导 演 是 什 么 时 候 死 的 ？,古代那个马骝精大闹天宫的导演是什么时候死的呀,马骝精大闹天宫的导演陈平是在什么时候去世的？
"[['房鹿', '代表作品', '新燕子李三'], ['新燕子李三', '上星平台', '2013年10月13日,山东/云南卫视']]",房 鹿 的 代 表 作 品 是 在 哪 国 台 播 放 ？,房鹿的代表作品是在哪国台播放？,房鹿的代表作《新燕子李三》是在哪个国家电视台播出的？
"[['晨星', '古名', '辰星'], ['辰星', '别称', '水星'], ['水星', '质量', '3.3022×10²³kg']]",晨 星 的 古 名 的 别 称 的 质 量 是 多 少 ？,晨星的古名的别称的质量是多少？,请问晨星的古名，也就是水星，它的质量是多少？
"[['高崎火车站', '途经线路', '福厦铁路'], ['福厦铁路', '动力方式', '接触网供电：25kV,50Hz']]",高 崎 火 车 站 的 途 经 线 路 的 动 力 方 式 是 什 么 ？,高崎火车站的途经线路的动力方式是什么？,请问高崎火车站的途经线路的动力方式是什么？
"[['见闻色霸气', '出处', '航海王'], ['航海王', '地区', '日本']]",见 闻 色 霸 气 的 出 处 是 哪 个 地 区 的 动 漫 ？,见闻色霸气的出处是哪个地区的动漫？,请问，见闻色霸气的出处是哪个地区的动漫？
"[['卜楞盖', '类别', '东北方言'], ['东北方言', '使用范围', '内蒙古自治区（部分地区）']]",卜 楞 盖 的 类 别 在 哪 里 使 用 ？,卜楞盖的类别在哪里使用？,卜楞盖的类别在哪些地区被使用？
"[['供用电、水、气、热力合同', '中文名', '热力合同'], ['热力合同', '图书编号', '1604402']]",供 用 电 、 水 、 气 、 热 力 合 同 的 中 文 名 的 图 书 编 号 是 多 少 ？,供用电、水、气、热力合同的中文名的图书编号是多少？,请问供用电、水、气、热力合同的中文名的图书编号是多少？
"[['北京地铁长春桥站', '所属线路', '北京地铁10号线'], ['北京地铁10号线', '车辆基地', '3座']]",北 京 地 铁 长 春 桥 站 的 所 属 线 路 有 哪 些 车 辆 基 地 ？,北京地铁长春桥站的所属线路有哪些车辆基地？,请问北京地铁长春桥站有哪些车辆基地？
"[['Blue Lagoon Beach Hotel', '周围景观', '西沃萨古尔·拉姆古兰爵士国际机场'], ['西沃萨古尔·拉姆古兰爵士国际机场', '服务城市', '大港区']]",Blue Lagoon Beach Hotel 的 周 围 景 观 服 务 于 哪 个 城 市 ？,请问Blue Lagoon Beach Hotel的周围景观在哪个城市？,请问 Blue Lagoon Beach Hotel 的 周 围 景 观 是 为 哪个 城市 提供 服务的？
"[['崔洪举', '民族', '吉林'], ['吉林', '机场', '延吉朝阳川机场'], ['延吉朝阳川机场', '营业类型', '公共事业']]",崔 洪 举 的 民 族 的 机 场 属 于 什 么 类 型 ？,告诉我崔洪举的民族的机场属于什么类型？,请问崔洪举的民族所属的机场属于什么类型？
"[['绝对理想主义', '代表人物', '布拉德利'], ['布拉德利', '场上位置', '教练']]",请 问 绝 对 理 想 主 义 的 代 表 人 物 在 场 上 的 职 位 是 什 么 啊?,请问绝对理想主义的代表人物在场上的职位是什么啊?,绝对理想主义的代表人物在场上担任什么职位呢？
"[['中甜205', '选育单位', '中国农业科学院甜菜研究所'], ['中国农业科学院甜菜研究所', '在职职工', '180余人']]",中 甜 205 的 选 育 单 位 有 多 少 名 职 工 ？,中甜205的选育单位有多少名职工？,请问中甜205的选育单位有多少名在职职工？
"[['欧洲近代生活：宗教、巫术、启蒙运动', '书名', '启蒙运动'], ['启蒙运动', '代表人物', '伏尔泰'], ['伏尔泰', '主张', '天赋人权,法律面前人人平等。']]",大 家 知 道 欧 洲 近 代 生 活 ： 宗 教 、 巫 术 、 启 蒙 运 动 的 书 名 的 代 表 人 物 的 主 张 吗 ？,大家知道欧洲近代生活：宗教、巫术、启蒙运动的书名的代表人物的主张吗？,请问，欧洲近代生活：宗教、巫术、启蒙运动这本书的代表人物伏尔泰的主张是什么？
