输入文本,生成问题,改写问题
"[['煤层气地面开采项目', '应当', '按照有关规定进行安全条件论证和安全预评价']]",煤 层 气 地 面 开 采 项 目 应 当 如 何 ？,煤层气地面开采项目应当如何按照安全条件论证和安全预评价的有关规定进行？
"[['安全设施', '属于', '煤层气开采项目']]",安 全 设 施 属 于 哪 里 ？,请问安全设施属于哪个煤层气开采项目？
"[['安全设施', '必须', '与主体工程同时设计、同时施工、同时投入生产和使用']]",安 全 设 施 必 须 与 什 么 工 程 同 步 进 行 ？,安全设施必须与什么工程同时进行？
"[['安全设施投资', '应当', '纳入建设项目概算']]",安 全 设 施 投 资 应 当 怎 么 做 ？,安全设施投资应当如何纳入建设项目概算？
"[['煤层气井钻井、压裂、排采、修井等施工方案', '由', '煤层气企业负责']]",煤 层 气 井 钻 井 、 压 裂 、 排 采 、 修 井 等 施 工 方 案 由 谁 负 责 ？,煤层气井的钻井、压裂、排采、修井等施工方案是由哪些煤层气企业负责的？
"[['煤层气地面开采项目的总体开发方案和煤层气集输管线、站场、供电等工程设计', '应当', '由具有相应资质的单位承担']]",我 想 知 道 煤 层 气 地 面 开 采 项 目 的 总 体 开 发 方 案 是 由 谁 负 责 的 ？,煤层气地面开采项目的总体开发方案由谁负责？
"[['煤层气企业', '应当', '建立健全施工方案的审查制度，严格安全条件的审查']]",请 问 煤 层 气 企 业 应 当 怎 么 做 ？,煤层气企业应当如何建立健全施工方案的审查制度，并严格审查安全条件？
"[['施工方案', '未经', '煤层气企业主要负责人审查同意的，施工单位不得施工']]",你 知 道 施 工 方 案 是 什 么 时 候 吗 ？,请问施工方案在什么情况下需要煤层气企业主要负责人的审查同意？
"[['煤层气地面开采项目的工程施工', '应当', '由具有相应资质的监理单位进行监督']]",请 问 煤 层 气 地 面 开 采 项 目 的 工 程 施 工 应 当 由 哪 个 单 位 负 责 ？,煤层气地面开采项目的工程施工应当由哪个单位负责监督？
"[['监理单位', '应当', '按照国家建设工程监理规范的要求对工程施工质量进行监督。']]",监 理 单 位 应 当 怎 么 做 ？,监理单位在施工过程中应当如何按照国家建设工程监理规范的要求对工程质量进行监督？
"[['煤层气企业', '对', '承包单位的安全生产工作统一协调、管理。']]",请 问 煤 层 气 企 业 对 象 是 什 么 ？,请问煤层气企业对承包单位的安全生产工作统一协调、管理的对象是什么？
"[['煤层气企业', '进行', '工程发包']]",请 问 煤 层 气 企 业 进 行 了 哪 些 工 作 ？,请问煤层气企业进行了哪些工程发包工作？
"[['煤层气企业', '应当', '对承包单位的资质条件和安全生产业绩进行审查']]",请 问 煤 层 气 企 业 应 当 怎 么 做 ？,请问煤层气企业在进行承包单位选择时，应当对承包单位的哪些方面进行审查？
"[['煤层气企业', '应当', '与承包单位签订专门的安全生产管理协议']]",煤 层 气 企 业 应 当 如 何 管 理 ？,煤层气企业应该如何与承包单位签订专门的安全生产管理协议？
"[['煤层气企业', '应当', '在承包合同中约定各自的安全生产管理职责']]",煤 层 气 企 业 应 当 如 何 承 包 ？,请问煤层气企业在承包合同中应当如何约定各自的安全生产管理职责？
"[['煤层气企业', '应当', '经常开展安全生产检查及事故隐患排查']]",请 问 煤 层 气 企 业 应 当 做 什 么 ？,请问煤层气企业应当经常进行哪些安全检查和事故隐患排查？
"[['煤层气企业', '应当', '对发现的安全生产问题和事故隐患，应当立即采取措施进行整改']]",煤 层 气 企 业 应 当 如 何 ？,煤层气企业发现安全生产问题和事故隐患时，应该如何立即采取措施进行整改？
"[['不能立即整改的', '应当', '制定整改方案限期处理']]",不 能 立 即 整 改 的 应 当 怎 么 做 ？,对于那些不能立即整改的问题，我们应该如何制定整改方案并设定期限进行处理呢？
"[['煤层气企业', '应当', '对安全阀、压力表、传感器和监测设备进行定期校验、检定']]",煤 层 气 企 业 应 当 如 何 保 养 ？,煤层气企业应该如何维护保养安全阀、压力表、传感器和监测设备？
"[['煤层气企业的特种设备', '应当', '按照有关规定定期检测']]",煤 层 气 企 业 的 特 种 设 备 应 当 如 何 检 测 ？,煤层气企业的特种设备应当如何按照规定定期进行检测？
"[['煤层气企业', '应当', '建立相应的消防机构']]",煤 层 气 企 业 应 当 怎 么 做 ？,煤层气企业应当建立什么样的消防机构？
"[['煤层气企业', '应当', '配备专职或者兼职消防人员和必要的装备、器材']]",煤 层 气 企 业 应 当 配 备 什 么 ？,煤层气企业应当配备哪些消防人员和装备？
"[['煤层气企业', '应当', '与所在地消防、应急救援机构签订消防救援合同']]",煤 层 气 企 业 应 当 如 何 ？,煤层气企业应当与所在地消防、应急救援机构签订消防救援合同，请问具体应当如何执行？
"[['煤层气企业', '应当', '建立劳动防护用品配备、使用和管理制度']]",煤 层 气 企 业 应 当 怎 样 使 用 ？,煤层气企业应当如何建立并有效管理劳动防护用品的配备和使用制度？
"[['煤层气企业', '应当', '为从业人员提供符合国家标准或者行业标准的劳动防护用品']]",煤 层 气 企 业 应 当 做 什 么 ？,煤层气企业应当为从业人员提供哪些劳动防护用品？
"[['煤层气企业', '应当', '对从业人员进行劳动防护用品使用的培训']]",煤 层 气 企 业 应 当 做 什 么 ？,煤层气企业应当对从业人员进行哪些培训？
"[['煤层气企业', '应当', '指导、教育从业人员正确佩戴和使用劳动防护用品']]",煤 层 气 企 业 应 当 怎 么 做 ？,煤层气企业应该如何指导和教育从业人员正确佩戴和使用劳动防护用品？
"[['煤层气企业', '进行', '电焊、气焊（割）等明火作业或其他可能产生火花的作业']]",煤 层 气 企 业 可 以 进 行 什 么 ？,煤层气企业可以进行哪些作业？
"[['煤层气企业', '应当', '编制专门的安全技术措施']]",煤 层 气 企 业 应 当 做 什 么 ？,煤层气企业应当编制哪些专门的安全技术措施？
"[['编制专门的安全技术措施', '由', '经本企业技术负责人审查批准']]",你 知 道 编 制 专 门 的 安 全 技 术 措 施 是 什 么 吗 ？,请问编制专门的安全技术措施需要经过哪些步骤？
"[['井场、站场内', '严禁', '烟火']]",井 场 、 站 场 内 严 禁 吸 烟 ？,在井场和站场内，为什么严禁烟火？
"[['煤层气企业', '应当', '建立设备管理专人负责制度']]",煤 层 气 企 业 应 当 怎 么 做 ？,煤层气企业应当如何建立设备管理专人负责制度？
"[['设备管理', '应当符合', '安全标志正确、齐全、清晰，设置位置合理']]",设 备 管 理 应 当 符 合 什 么 ？,设备管理应当符合哪些标准？
"[['设备管理', '应当符合', '定期进行巡检、维护和保养，确保设备始终处于完好状态']]",设 备 管 理 应 当 符 合 什 么 ？,设备管理应当符合哪些标准？
"[['设备管理', '应当符合', '机械传动部位安装安全防护栏或者防护罩']]",设 备 管 理 应 当 符 合 什 么 ？,设备管理应当符合哪些安全标准？
"[['设备管理', '应当符合', '按照有关规定对设备进行换季维护保养，防止设备锈蚀、冻裂']]",设 备 管 理 应 当 符 合 什 么 ？,设备管理应当符合哪些规定进行换季维护保养，以防止设备锈蚀和冻裂？
"[['设备管理', '应当符合', '带压设备定期进行试压，合格后方可使用']]",设 备 管 理 应 当 符 合 什 么 ？,设备管理应当符合什么标准？
"[['站场控制室内的气体探测控制仪超限断电后，煤层气企业', '应当', '立即组织专人对相应的设备和室内环境进行检查']]",站 场 控 制 室 内 的 气 体 探 测 控 制 仪 超 限 断 电 后 ， 煤 层 气 企 业 应 当 怎 么 做 ？,煤层气企业在进行气体探测控制仪超限断电后，应该如何立即采取行动？
"[['站场控制室内的气体探测控制仪超限断电后', '严禁', '强行送电、开机']]",站 场 控 制 室 内 的 气 体 探 测 控 制 仪 超 限 断 电 后 严 禁 使 用 ？,气体探测控制仪超限断电后，在站场控制室内严禁进行哪些操作？
"[['煤层气企业', '应当', '对所有生产作业人员和现场监督人员进行硫化氢防护的培训']]",你 知 道 煤 层 气 企 业 应 当 做 什 么 吗 ？,煤层气企业应当对所有生产作业人员和现场监督人员进行哪些培训？
"[['培训内容', '包含', '课堂防护知识和现场实际操作']]",培 训 内 容 包 含 哪 些 ？,请问培训内容具体包括哪些方面？
"[['培训内容', '应当符合', '符合培训时间规定']]",培 训 内 容 应 当 符 合 什 么 ？,请问培训内容应当符合什么规定？
"[['临时作业人员和其他非定期派遣人员', '需要', '硫化氢防护知识的教育']]",临 时 作 业 人 员 和 其 他 非 定 期 派 遣 人 员 需 要 什 么 ？,临时作业人员和其他非定期派遣人员需要哪些硫化氢防护知识的教育？
"[['煤层气企业', '应当', '硫化氢防护知识的教育']]",请 问 煤 层 气 企 业 应 当 做 什 么 ？,煤层气企业应当进行哪些硫化氢防护知识的教育？
"[['在含硫化氢环境中进行生产作业', '应当', '配备固定式和携带式硫化氢监测仪']]",在 含 硫 化 氢 环 境 中 进 行 生 产 作 业 应 当 配 备 什 么 ？,在含有硫化氢的环境中，进行生产作业时，应该配备哪些硫化氢监测仪？
"[['硫化氢监测仪', '应当', '按照有关规定进行定期校验和鉴定']]",硫 化 氢 监 测 仪 应 当 怎 么 做 ？,硫化氢监测仪应当如何按照规定进行定期校验和鉴定？
"[['硫化氢重点监测区域', '应当', '设有醒目的标志']]",硫 化 氢 重 点 监 测 区 域 应 当 设 置 什 么 样 的 标 志 ？,硫化氢重点监测区域应该设置什么样的标志？
"[['硫化氢重点监测区域', '需要', '硫化氢监测探头和报警器']]",硫 化 氢 重 点 监 测 区 域 需 要 什 么 ？,硫化氢重点监测区域需要哪些设备？
"[['煤层气企业', '应当', '按照行业标准《含硫化氢油气井安全钻井推荐作法》（SY/T5087）的规定采取相应的措施']]",煤 层 气 企 业 应 当 采 取 什 么 措 施 ？,煤层气企业需要遵循什么行业标准来确保安全钻井？
"[['煤层气企业', '应当', '配备相应的防护装备']]",煤 层 气 企 业 应 当 怎 么 做 ？,煤层气企业应当如何配备相应的防护装备？
"[['煤层气企业', '应当符合', '在钻井、试井、修井、井下作业以及站场作业中，配备正压式空气呼吸器及与其匹配的空气压缩机']]",煤 层 气 企 业 应 当 符 合 什 么 ？,煤层气企业在钻井、试井、修井、井下作业以及站场作业时，需要满足哪些安全配备要求？
"[['煤层气企业', '应当符合', '有专人管理硫化氢防护装置，确保处于备用状态']]",煤 层 气 企 业 应 当 符 合 什 么 ？,煤层气企业应当符合什么条件？
"[['煤层气企业', '应当符合', '进行检修和抢险作业时，携带硫化氢监测仪和正压式空气呼吸器']]",煤 层 气 企 业 应 当 符 合 什 么 ？,煤层气企业在执行检修和抢险作业时，需要满足哪些安全要求？
"[['在含硫化氢的矿区，场地及设备的布置', '需要', '考虑季节风向']]",在 含 硫 化 氢 的 矿 区 ， 场 地 及 设 备 的 布 置 需 要 什 么 ？,在含硫化氢的矿区，场地及设备的布置需要考虑什么因素？
"[['在含硫化氢的矿区，场地及设备的布置', '应当', '确保有良好的通风条件']]",在 含 硫 化 氢 的 矿 区 ， 场 地 及 设 备 的 布 置 应 当 注 意 什 么 ？,在含有硫化氢的矿区，场地及设备的布置应当注意什么？
"[['在含硫化氢的矿区，场地及设备的布置', '应当', '设置警示标志']]",在 含 硫 化 氢 的 矿 区 ， 场 地 及 设 备 的 布 置 应 当 注 意 什 么 ？,在含有硫化氢的矿区，场地及设备的布置应当注意什么？
"[['在含硫化氢的矿区，场地及设备的布置', '需要', '使用防爆通风设备']]",在 含 硫 化 氢 的 矿 区 ， 场 地 及 设 备 的 布 置 需 要 什 么 ？,在含有硫化氢的矿区，场地及设备的布置需要什么？
"[['在含硫化氢的矿区，场地及设备的布置', '需要', '设置逃生通道及安全区']]",在 含 硫 化 氢 的 矿 区 ， 场 地 及 设 备 的 布 置 需 要 什 么 ？,在含有硫化氢的矿区，场地及设备的布置需要设置哪些安全措施？
"[['在含硫化氢环境中进行钻井、井下作业和煤层气生产以及气体处理所使用的材料及设备', '应当', '适合用于含硫化氢环境']]",在 含 硫 化 氢 环 境 中 进 行 钻 井 、 井 下 作 业 和 煤 层 气 生 产 以 及 气 体 处 理 所 使 用 的 材 料 及 设 备 应 当 怎 么 用 ？,在含硫化氢环境中进行钻井、井下作业和煤层气生产以及气体处理所使用的材料及设备，应该如何使用？
"[['钻井、井下作业的防硫化氢应急预案', '应当', '规定煤层气井点火程序和决策人']]",请 问 钻 井 、 井 下 作 业 的 防 硫 化 氢 应 急 预 案 应 当 做 什 么 ？,钻井和井下作业的防硫化氢应急预案应当包括哪些规定？
"[['在含硫化氢环境中进行生产作业时，煤层气企业', '应当', '制定防硫化氢应急预案']]",在 含 硫 化 氢 环 境 中 进 行 生 产 作 业 时 ， 煤 层 气 企 业 应 当 做 些 什 么 ？,在含硫化氢环境中进行生产作业时，煤层气企业应当采取哪些措施？
"[['煤层气企业在含硫化氢的矿区进行煤层气井钻井', '应当符合', '地质及工程设计考虑硫化氢防护的特殊要求']]",我 想 知 道 煤 层 气 企 业 在 含 硫 化 氢 的 矿 区 钻 井 应 当 符 合 什 么 ？,请问煤层气企业在含硫化氢的矿区进行煤层气井钻井时，需要遵循哪些特殊的地质及工程设计要求？
"[['煤层气企业在含硫化氢的矿区进行煤层气井钻井', '应当符合', '采取防喷措施，防喷器组及其管线闸门和附件能够满足预期的井口压力']]",请 问 煤 层 气 企 业 在 含 硫 化 氢 的 矿 区 进 行 钻 井 应 当 符 合 什 么 条 件 ？,请问在含硫化氢的矿区进行煤层气井钻井的煤层气企业需要满足哪些安全措施？
"[['煤层气企业在含硫化氢的矿区进行煤层气井钻井', '应当符合', '井场内禁止烟火，并采取控制硫化氢着火的措施']]",请 问 煤 层 气 企 业 在 含 硫 化 氢 的 矿 区 进 行 钻 井 应 当 符 合 什 么 条 件 ？,煤层气企业在含硫化氢的矿区进行钻井时，需要遵守哪些安全规定？
"[['煤层气企业在含硫化氢的矿区进行煤层气井钻井', '应当符合', '使用适合于含硫化氢地层的钻井液，并监测、控制钻井液pH值']]",请 问 煤 层 气 企 业 在 含 硫 化 氢 的 矿 区 进 行 钻 井 应 当 符 合 什 么 ？,在含硫化氢的矿区进行煤层气井钻井时，煤层气企业应当遵循哪些具体要求？
"[['煤层气企业在含硫化氢的矿区进行煤层气井钻井', '应当符合', '在含硫化氢地层取芯和进行测试作业时，采取有效的防硫化氢措施']]",请 问 煤 层 气 企 业 在 含 硫 化 氢 的 矿 区 进 行 钻 井 应 当 符 合 什 么 ？,在含硫化氢的矿区进行煤层气井钻井时，煤层气企业应当遵循哪些防硫化氢措施？
"[['在煤层气企业含硫化氢的煤层气井进行井下作业', '应当符合', '采取防喷措施']]",我 想 知 道 在 煤 层 气 企 业 含 硫 化 氢 的 井 下 作 业 应 当 符 合 什 么 ？,在煤层气企业含硫化氢的煤层气井进行井下作业时，需要符合哪些防喷措施？
"[['在煤层气企业含硫化氢的煤层气井进行井下作业', '应当符合', '采取控制硫化氢着火的措施']]",我 想 知 道 在 煤 层 气 企 业 含 硫 化 氢 的 井 下 作 业 应 当 符 合 什 么 ？,在煤层气企业含硫化氢的煤层气井进行井下作业时，需要符合哪些控制硫化氢着火的措施？
"[['在煤层气企业含硫化氢的煤层气井进行井下作业', '应当符合', '当发生修井液气侵，硫化氢气体逸出时，立即通过分离系统分离或者采取其他处理措施']]",我 想 知 道 在 煤 层 气 企 业 含 硫 化 氢 的 井 下 作 业 应 当 符 合 什 么 ？,在煤层气企业含硫化氢的煤层气井进行井下作业时，应当符合什么标准？
"[['在煤层气企业含硫化氢的煤层气井进行井下作业', '应当符合', '进入盛放修井液的密闭空间或者限制通风区域，可能产生硫化氢气体时，采取相应的人身安全防护措施']]",在 煤 层 气 企 业 含 硫 化 氢 的 煤 层 氣 井 进 行 井 下 作 业 应 当 符 合 什 么 ？,在煤层气企业含有硫化氢的煤层气井进行井下作业时，应当遵循哪些安全防护措施？
"[['在煤层气企业含硫化氢的煤层气井进行井下作业', '应当符合', '进行对射孔作业、压裂作业等特殊作业时，采取硫化氢防护措施']]",我 想 知 道 在 煤 层 气 企 业 含 硫 化 氢 的 井 下 作 业 应 当 符 合 什 么 ？,在煤层气企业含硫化氢的煤层气井进行特殊作业时，需要采取哪些硫化氢防护措施？
"[['在进行含硫化氢的煤层气生产和气体处理作业时，煤层气企业', '应当', '对煤层气处理装置的腐蚀进行监测和控制']]",你 知 道 在 进 行 含 硫 化 氢 的 煤 层 气 生 产 和 气 体 处 理 作 业 时 ， 哪 些 企 业 应 当 注 意 什 么 ？,在进行含硫化氢的煤层气生产和气体处理作业时，哪些企业需要特别关注煤层气处理装置的腐蚀监测和控制？
"[['在进行含硫化氢的煤层气生产和气体处理作业时，煤层气企业', '应当', '对可能的硫化氢泄漏进行检测']]",你 知 道 在 进 行 含 硫 化 氢 的 煤 层 气 生 产 和 气 体 处 理 作 业 时 ， 哪 些 企 业 应 当 注 意 什 么 吗 ？,在进行含硫化氢的煤层气生产和气体处理作业时，哪些企业应当注意什么？
"[['在进行含硫化氢的煤层气生产和气体处理作业时，煤层气企业', '应当', '制定硫化氢防护措施']]",你 知 道 在 进 行 含 硫 化 氢 的 煤 层 气 生 产 和 气 体 处 理 作 业 时 ， 哪 些 企 业 应 当 注 意 什 么 ？,在进行含硫化氢的煤层气生产和气体处理作业时，哪些企业需要制定硫化氢防护措施？
"[['作业人员', '应当', '携带正压式空气呼吸器']]",作 业 人 员 应 该 如 何 保 养 ？,作业人员在作业时应该如何正确佩戴和保养正压式空气呼吸器？
"[['含硫化氢煤层气井废弃时，煤层气企业', '应当', '考虑废弃方法和封井的条件']]",我 想 知 道 含 硫 化 氢 煤 层 气 井 废 弃 时 ， 哪 些 企 业 应 当 考 虑 ？,含硫化氢煤层气井废弃时，哪些企业需要考虑废弃方法和封井条件？
"[['含硫化氢煤层气井废弃时，煤层气企业', '应当', '使用水泥封隔产出硫化氢的地层']]",我 想 知 道 含 硫 化 氢 煤 层 气 井 废 弃 时 ， 哪 些 企 业 应 当 注 意 ？,含硫化氢煤层气井废弃时，哪些企业需要特别注意使用水泥封隔产出硫化氢的地层？
"[['埋地管线、地面流程管线废弃时', '应当', '经过吹扫净化、封堵塞或者加盖帽']]",请 问 埋 地 管 线 、 地 面 流 程 管 线 废 弃 时 应 当 经 过 什 么 处 理 ？,埋地管线、地面流程管线废弃时，应当经过哪些处理步骤？
"[['容器', '应当', '用清水冲洗、吹扫并排干，敞开在大气中']]",你 知 道 容 器 应 该 如 何 保 存 吗 ？,请问容器应该如何正确保存？
"[['容器', '需要', '采取防止铁的硫化物燃烧的措施']]",请 问 容 器 需 要 什 么 ？,请问容器需要采取哪些措施来防止铁的硫化物燃烧？
"[['煤层气企业编写工程设计方案前', '应当', '充分收集有关资料']]",煤 层 气 企 业 编 写 工 程 设 计 方 案 前 应 当 注 意 什 么 ？,煤层气企业在编写工程设计方案前，应当注意哪些准备工作？
"[['煤层气企业编写工程设计方案前', '应当', '对作业现场及其周边环境进行调研']]",请 问 煤 层 气 企 业 编 写 工 程 设 计 方 案 前 应 当 做 什 么 工 作 ？,煤层气企业在编写工程设计方案之前，应该对作业现场及其周边环境进行哪些调研工作？
"[['煤层气企业编写工程设计方案前', '应当', '进行危险源辨识和风险评价']]",煤 层 气 企 业 编 写 工 程 设 计 方 案 前 应 当 注 意 什 么 ？,煤层气企业在编写工程设计方案前，应当注意哪些事项？
"[['煤层气井', '不得', '布置在滑坡、崩塌、泥石流等地质灾害易发地带']]",煤 层 气 井 不 得 安 装 在 什 么 地 方 ？,煤层气井不能布置在哪些地质灾害易发地带？
"[['气井井口与周围建（构）筑物、设施的间距', '应当', '符合行业标准《煤层气地面开采防火防爆安全规程》（AQ1081）的规定']]",气 井 井 口 与 周 围 建 （ 构 ） 筑 物 、 设 施 的 间 距 应 当 怎 么 做 ？,气井井口与周围建（构）筑物、设施的间距应当遵循什么标准？
"[['钻井作业', '条件下', '生活区、值班房']]",钻 井 作 业 在 什 么 条 件 下 ？,钻井作业在什么条件下需要设置生活区与值班房？
"[['生活区、值班房', '应当', '置于井架侧面，且处于最小频率风向的下风侧']]",请 问 生 活 区 、 值 班 房 应 当 置 于 哪 个 位 置 ？,生活区、值班房应该放在哪里？
"[['生活区、值班房', '应当', '与井口的间距不小于10米']]",你 知 道 生 活 区 、 值 班 房 的 井 口 距 离 多 少 吗 ？,请问生活区、值班房的井口距离应该保持多少米以上？
"[['钻井作业', '条件下', '井场发电房与柴油罐的间距']]",钻 井 作 业 在 什 么 条 件 下 ？,在钻井作业的条件下，井场发电房与柴油罐的间距是多少？
"[['井场发电房与柴油罐的间距', '应当', '不小于5米']]",井 场 发 电 房 与 柴 油 罐 的 间 距 应 该 多 少 ？,井场发电房与柴油罐的间距应该达到多少米？
"[['井控装置的远程控制台', '应当', '安装在井架大门侧前方、距井口不少于25米的专用活动房内']]",井 控 装 置 的 远 程 控 制 台 应 当 怎 么 安 装 ？,井控装置的远程控制台应该如何正确安装？
"[['井控装置的远程控制台', '应当', '在周围保持2米以上的行人通道']]",井 控 装 置 的 远 程 控 制 台 应 当 怎 么 做 ？,井控装置的远程控制台应该如何设置以确保周围有2米以上的行人通道？
"[['专用活动房', '属于', '井架大门侧前方、距井口不少于25米']]",你 知 道 专 用 活 动 房 属 于 哪 里 吗 ？,请问专用活动房位于哪里？
"[['专用活动房', '需要', '在周围保持2米以上的行人通道']]",专 用 活 动 房 需 要 什 么 ？,请问专用活动房需要什么条件？
"[['钻井工程地质设计', '应当', '收集区域地质资料']]",请 问 钻 井 工 程 地 质 设 计 应 当 做 什 么 ？,钻井工程地质设计应当收集哪些区域地质资料？
"[['钻井工程地质设计', '应当', '确定各含水层组深度']]",请 问 钻 井 工 程 地 质 设 计 应 当 做 什 么 ？,钻井工程地质设计应当确定哪些含水层的深度？
"[['钻井工程地质设计', '应当', '制定相应的安全措施']]",钻 井 工 程 地 质 设 计 应 当 注 意 什 么 ？,在进行钻井工程地质设计时，应当制定哪些安全措施？
"[['钻机及配套设备', '应当', '满足钻井设计的要求']]",钻 机 及 配 套 设 备 应 当 如 何 ？,钻机及配套设备应当满足哪些要求？
"[['钻机的额定钻进深度', '应当', '大于钻井深度']]",钻 机 的 额 定 钻 进 深 度 应 该 是 多 少 ？,钻机的额定钻进深度应该达到多少才合适？
"[['井架提升能力', '应当', '满足钻具重量、地质条件的要求']]",井 架 提 升 能 力 应 当 如 何 ？,井架提升能力应当满足哪些要求？
"[['动力设施', '应当', '满足钻机、泥浆泵、排水泵等设施所需功率']]",动 力 设 施 应 当 如 何 ？,动力设施应当满足哪些设施的功率需求？
"[['钻井工艺技术', '应当', '有利于保护煤储层']]",请 问 钻 井 工 艺 技 术 应 当 用 于 什 么 ？,钻井工艺技术应当用于什么方面？
"[['钻井工艺技术', '应当', '制定井漏、井涌、井喷、井塌、卡钻、防斜等复杂情况的安全技术措施']]",请 问 钻 井 工 艺 技 术 应 当 采 用 什 么 技 术 ？,钻井工艺技术应当制定哪些复杂情况的安全技术措施？
"[['套管系列设计', '应当', '能够保证施工安全']]",请 问 套 管 系 列 设 计 应 当 做 什 么 ？,请问套管系列设计应当如何确保施工安全？
"[['表层套管', '应当', '至少下到稳定基岩内10米']]",表 层 套 管 应 该 如 何 保 存 ？,表层套管应当至少下到稳定基岩内多少米？
"[['探井设计', '应当', '参考本地区钻井所采用的井身结构']]",你 知 道 探 井 设 计 应 当 怎 么 做 吗 ？,探井设计应当参考哪些地区钻井采用的井身结构？
"[['井径', '应当', '留有余地']]",请 问 井 径 应 当 做 什 么 ？,请问井径应当留有余地吗？
"[['固井作业设计', '应当', '保证后续增产作业施工的安全']]",固 井 作 业 设 计 应 当 做 什 么 ？,固井作业设计应当保证什么？
"[['套管柱', '应当', '进行强度设计']]",你 知 道 套 管 柱 应 当 怎 么 做 吗 ？,请问套管柱应当如何进行强度设计？
"[['套管柱', '应当', '综合考虑内应力、挤应力和拉应力']]",请 问 套 管 柱 应 当 用 于 什 么 ？,请问套管柱在设计和应用时应当综合考虑哪些应力因素？
"[['套管柱', '应当', '满足后续作业的需要']]",请 问 套 管 柱 应 当 用 于 什 么 ？,请问套管柱应当用于什么场合？
"[['设计方案', '应当', '对各种复杂情况提出预防和处理措施']]",你 知 道 设 计 方 案 应 当 怎 么 做 吗 ？,请问设计方案应当如何对各种复杂情况提出预防和处理措施？
"[['煤层气企业', '应当', '建立测井安全操作管理和事故处理措施']]",煤 层 气 企 业 应 当 怎 么 做 ？,煤层气企业应当建立哪些安全操作管理和事故处理措施？
"[['煤层气企业', '应当', '对放射源等危险物品的储存、运输、使用和防护作出特别规定']]",你 知 道 煤 层 气 企 业 应 当 做 什 么 吗 ？,煤层气企业应当对哪些危险物品的储存、运输、使用和防护作出特别规定？
"[['煤层气企业', '应当', '建立爆炸物品运输和使用、爆炸器材存储和销毁、废旧爆炸物品安全销毁的管理制度']]",煤 层 气 企 业 应 当 如 何 管 理 ？,煤层气企业应当如何建立和管理爆炸物品运输、使用、存储、销毁以及废旧爆炸物品的安全销毁制度？
"[['煤层气企业', '应当', '建立防止地面爆炸、施工深度错误、炸枪（卡枪）及炸坏套管的安全防范和处理措施']]",煤 层 气 企 业 应 当 如 何 防 范 ？,煤层气企业应当采取哪些安全防范措施来预防地面爆炸、施工深度错误、炸枪（卡枪）及炸坏套管等问题？
"[['所选压裂井口的耐压等级', '应当', '大于设计的最高井口压力']]",请 问 所 选 压 裂 井 口 的 耐 压 等 级 应 当 具 有 什 么 功 能 ？,所选压裂井口的耐压等级应当具备什么功能？
"[['煤层气企业', '应当', '建立砂堵、砂卡、设备损坏等事故的应急处理措施']]",煤 层 气 企 业 应 当 如 何 处 理 ？,煤层气企业应当建立哪些应急处理措施来应对砂堵、砂卡、设备损坏等事故？
"[['泵车组安全阀的设定压力值', '不得', '超过生产套管抗内压强度的80%']]",你 知 道 泵 车 组 安 全 阀 的 设 定 压 力 值 是 多 少 吗 ？,请问泵车组安全阀的设定压力值是多少？
"[['排采设备地基、底座基础', '应当', '满足载荷要求']]",排 采 设 备 地 基 、 底 座 基 础 应 当 如 何 ？,排采设备的地基和底座基础需要满足哪些要求？
"[['电缆', '应当', '与电机功率匹配']]",请 问 电 缆 应 该 用 于 什 么 ？,请问电缆应该用于什么场合？
"[['变速箱', '应当', '与电机功率匹配']]",变 速 箱 应 该 如 何 保 养 ？,变速箱应该如何保养？
"[['其他电气设备', '应当', '与电机功率匹配']]",请 问 其 他 电 气 设 备 应 当 用 于 什 么 ？,其他电气设备应当与电机功率匹配，请问它们具体应该用于哪些方面？
"[['连接设施配套设备', '应当', '与电机功率匹配']]",连 接 设 施 配 套 设 备 应 当 如 何 ？,连接设施配套设备应当如何与电机功率匹配？
"[['抽油杆柱', '应当', '满足疲劳应力强度要求']]",请 问 抽 油 杆 柱 应 当 做 什 么 ？,请问抽油杆柱需要满足什么要求？
"[['排采泵的防冲距合理值', '应当', '根据下泵深度、泵型号、抽油杆的规格及机械性能确定']]",排 采 泵 的 防 冲 距 合 理 值 应 当 怎 么 做 ？,请问确定排采泵的防冲距合理值需要考虑哪些因素？
"[['排采泵的防冲距合理值', '应当', '避免正常工作时柱塞碰泵']]",请 问 排 采 泵 的 防 冲 距 合 理 值 应 当 用 于 什 么 ？,排采泵的防冲距合理值应当用于什么场合以避免柱塞在正常工作时碰泵？
"[['满足有关规定要求', '允许', '进行排放']]",满 足 有 关 规 定 要 求 允 许 什 么 ？,请问满足有关规定要求允许进行什么排放？
"[['井口', '应当', '设置排采沉淀池']]",请 问 井 口 应 当 设 置 在 什 么 地 方 ？,请问井口应该设置在什么地方？
"[['煤层气井排出的水经过沉淀后', '满足', '满足有关规定要求']]",煤 层 气 井 排 出 的 水 经 过 沉 淀 后 能 满 足 什 么 要 求 ？,煤层气井排出的水经过沉淀后，需要满足哪些规定要求？
"[['水管线', '应当', '以一定的坡度通向排采沉淀池']]",水 管 线 应 当 如 何 ？,水管线应该以怎样的坡度通向排采沉淀池？
"[['水管线', '应当', '保证水流畅通']]",水 管 线 应 当 怎 么 做 ？,水管线应该如何确保水流畅通？
"[['煤层气企业', '应当', '设置防静电装置']]",煤 层 气 企 业 应 当 怎 么 做 ？,煤层气企业应当如何设置防静电装置？
"[['对可能产生静电危险', '包含', '进出装置或者设施处']]",对 可 能 产 生 静 电 危 险 包 括 什 么 ？,请问可能产生静电危险的具体情况包括哪些？
"[['对可能产生静电危险', '包含', '压缩机的吸入口和加气机本身及槽车与加气机连接环节']]",对 可 能 产 生 静 电 危 险 包 括 什 么 ？,请问哪些地方可能产生静电危险？
"[['对可能产生静电危险', '包含', '爆炸危险场所的边界']]",对 可 能 产 生 静 电 危 险 包 含 哪 些 ？,哪些地方属于可能产生静电危险，同时也包含爆炸危险场所的边界？
"[['对可能产生静电危险', '包含', '煤层气储罐、过滤器、脱水装置、缓冲器等及其连接部分']]",对 可 能 产 生 静 电 危 险 包 括 哪 些 ？,请问可能产生静电危险的设备有哪些？
"[['对可能产生静电危险', '包含', '管道分支处以及直线段每隔200～300米处']]",对 可 能 产 生 静 电 危 险 包 括 什 么 ？,请问可能产生静电危险的具体位置包括哪些？
"[['在站场入口和主要的操作场所，煤层气企业', '应当', '安装人体静电导除装置']]",在 站 场 入 口 和 主 要 的 操 作 场 所 ， 煤 层 气 企 业 应 当 怎 么 做 ？,在站场入口和主要的操作场所，煤层气企业应当安装什么装置？
"[['防静电接地装置', '应当', '接地电阻应当不大于100欧姆']]",防 静 电 接 地 装 置 的 接 地 电 阻 是 多 少 ？,请问防静电接地装置的接地电阻应当控制在多少欧姆以下？
"[['在连接管线的法兰连接处，煤层气企业', '应当', '设置金属跨接线']]",在 连 接 管 线 的 法 兰 连 接 处 ， 煤 层 气 企 业 应 当 怎 么 做 ？,在连接管线的法兰连接处，煤层气企业应当设置什么？
"[['法兰用5根以上螺栓连接时', '应当', '构成电气通路']]",请 问 法 兰 用 5 根 以 上 螺 栓 连 接 时 应 当 做 什 么 ？,请问法兰使用5根以上螺栓连接时应该怎么做？
"[['法兰用5根以上螺栓连接时', '允许', '不用金属线跨接']]",法 兰 用 5 根 以 上 螺 栓 连 接 时 允 许 用 什 么 方 式 ？,法兰在采用5根以上螺栓连接时，允许使用什么方式进行连接？
"[['防静电接地、防感应雷接地和电气设备接地共同设置', '应当', '其接地电阻不大于10欧姆']]",防 静 电 接 地 、 防 感 应 雷 接 地 和 电 气 设 备 接 地 共 同 设 置 应 当 怎 么 做 ？,防静电接地、防感应雷接地和电气设备接地共同设置时，其接地电阻应该达到什么标准？
"[['防静电接地装置单独设置', '应当', '接地电阻不大于100欧姆']]",防 静 电 接 地 装 置 单 独 设 置 应 当 怎 么 做 ？,防静电接地装置单独设置时，其接地电阻应达到什么标准？
"[['防静电接地装置单独设置', '应当', '埋设周围情况良好']]",防 静 电 接 地 装 置 单 独 设 置 应 当 怎 么 做 ？,防静电接地装置单独设置时，应当如何确保其埋设周围环境良好？
"[['检修设备、管线可能导致防静电接地系统断路时', '应当', '预先设置临时性接地']]",检 修 设 备 、 管 线 可 能 导 致 防 静 电 接 地 系 统 断 路 时 应 当 怎 么 做 ？,在检修设备或管线可能导致防静电接地系统断路的情况下，我们应该采取哪些预防措施？
"[['检修设备、管线可能导致防静电接地系统断路时', '应当', '检修完毕后及时恢复']]",检 修 设 备 、 管 线 可 能 导 致 防 静 电 接 地 系 统 断 路 时 应 当 怎 么 做 ？,当检修设备或管线导致防静电接地系统断路时，应该如何处理？
"[['设施设备和车辆的防静电接地', '不得', '使用链条类导体连线']]",你 知 道 设 施 设 备 和 车 辆 的 防 静 电 接 地 是 什 么 吗 ？,设施设备和车辆的防静电接地不得使用什么类型的导体连线？
"[['防静电接地', '不得', '使用防直击雷引下线和电气工作零线']]",你 知 道 防 静 电 接 地 是 什 么 吗 ？,请问防静电接地的具体要求是什么？
"[['测量点位置', '不得', '设在爆炸危险区域内']]",请 问 测 量 点 位 置 在 哪 里 ？,请问测量点位置应该设置在哪里？
"[['进站槽车的防静电', '应当符合', '槽车及槽车驾驶员、押运员持有合法有效的证件']]",进 站 槽 车 的 防 静 电 符 合 什 么 ？,进站槽车的防静电需要符合什么标准？
"[['进站槽车的防静电', '应当符合', '槽车设置汽车专用静电接地装置，接地电阻不大于100欧姆']]",进 站 槽 车 的 防 静 电 符 合 什 么 ？,进站槽车的防静电应当符合什么标准？
"[['进站槽车的防静电', '应当符合', '槽车的防静电接地线连接在作业场所的专用防静电接地点上，且不得采用缠绕等不可靠的连接方']]",进 站 槽 车 的 防 静 电 应 当 符 合 什 么 ？,进站槽车的防静电应当符合什么标准？
"[['进站槽车的防静电', '应当符合', '槽车的防静电接地连线采用专用导静电橡胶拖地线或者铜芯软绞线']]",进 站 槽 车 的 防 静 电 应 当 符 合 什 么 ？,进站槽车的防静电应当符合什么标准？
"[['防雷', '应当符合', '建（构）筑物、工艺设备、架空管线、各种罐体、电气设备等设置防雷接地装置']]",防 雷 应 当 符 合 什 么 ？,防雷应当符合哪些设置要求？
"[['防雷', '应当符合', '进入变（配）电室的高压电路安装与设备耐压水平相适应的过电压（电涌）保护器']]",防 雷 应 当 符 合 什 么 ？,防雷应当符合什么标准？
"[['防雷', '应当符合', '信息系统配电线路的首、末端与电子器件连接时，装设与电子器件耐压水平相适应的过电压（电涌）保护器']]",防 雷 应 当 符 合 什 么 ？,防雷应当符合什么标准？
"[['防雷', '应当符合', '防雷接地电阻不得大于10欧姆，引下线地面以下0.3米至地面以上1.7米无破坏，接地测试断接点接触良好，埋设周围情况良好']]",防 雷 应 当 符 合 什 么 ？,防雷应当符合哪些具体要求？
"[['防雷', '应当符合', '防雷装置保护范围不得缩小']]",防 雷 应 当 符 合 什 么 ？,防雷装置的保护范围应当符合什么标准？
"[['防雷', '应当符合', '防雷击接地措施不得影响输气管线阴级保护效果']]",防 雷 应 当 符 合 什 么 ？,防雷应当符合哪些具体要求？
"[['防雷', '应当符合', '接地装置定期由具备资质的单位进行测试']]",防 雷 应 当 符 合 什 么 ？,防雷应当符合什么标准？
"[['煤层气企业', '应当', '在站场内设置风向标']]",请 问 煤 层 气 企 业 应 当 做 什 么 ？,请问煤层气企业应当在站场内设置什么？
"[['风向标', '应当', '悬挂在有关人员可以看到的位置']]",你 知 道 风 向 标 应 当 挂 在 什 么 位 置 吗 ？,请问风向标应该悬挂在什么位置，以便有关人员可以看到？
"[['压缩机房', '应当', '设置防爆应急照明系统']]",压 缩 机 房 应 当 怎 么 做 ？,请问压缩机房应当如何设置防爆应急照明系统？
"[['采用封闭式厂房时', '应当', '有煤层气泄露的报警装置、良好的机械通风设施和足够的泄压面积']]",采 用 封 闭 式 厂 房 时 应 当 具 备 什 么 ？,采用封闭式厂房时，需要具备哪些安全设施？
"[['压缩机房电缆沟', '应当', '使用软土或者沙子埋实，并与配电间的电缆沟严密隔开']]",压 缩 机 房 电 缆 沟 应 当 怎 么 做 ？,请问压缩机房电缆沟应该如何处理？
"[['压缩机房', '应当', '有醒目的安全警示标志']]",压 缩 机 房 应 当 做 什 么 ？,请问压缩机房应当设置哪些醒目的安全警示标志？
"[['井场', '应当', '平整、坚固']]",井 场 应 该 怎 么 做 ？,井场应该怎样进行平整和加固？
"[['填方部分', '应当', '采取加固措施']]",填 方 部 分 应 当 如 何 加 固 ？,请问填方部分应当如何采取加固措施？
"[['井架地基填方部分', '不得', '超过四分之一面积']]",井 架 地 基 填 方 部 分 的 不 得 ？,井架地基填方部分不得超过四分之一面积，具体是指什么？
"[['井场', '属于', '煤层气企业']]",井 场 属 于 哪 里 ？,请问井场属于哪个煤层气企业？
"[['当地层坚硬、稳固时，井场边坡坡度', '不得', '不得大于85度']]",你 知 道 当 地 层 坚 硬 、 稳 固 时 ， 井 场 边 坡 坡 度 是 多 少 吗 ？,当地层坚硬、稳固时，井场边坡坡度不得超过多少度？
"[['当地层松软时，井场边坡坡度', '不得', '不得大于60度']]",你 知 道 当 地 层 松 软 时 ， 井 场 边 坡 坡 度 是 多 少 吗 ？,当地层松软时，井场边坡坡度不得超过多少度？
"[['煤层气企业', '不得', '对井场的井架、油罐安装防雷防静电接地装置']]",煤 层 气 企 业 不 得 从 事 什 么 活 动 ？,煤层气企业不能进行哪些活动？
"[['接地电阻', '不得', '不大于10欧姆']]",你 知 道 接 地 电 阻 的 不 得 ？,请问接地电阻的不得值是多少？
"[['暴雨、洪水季节，在山沟、洼陷等低凹地带施工时，煤层气企业', '应当', '加高地基，修筑防洪设施']]",请 问 暴 雨 、 洪 水 季 节 ， 在 山 沟 、 洼 陷 等 低 凹 地 带 施 工 时 ， 煤 层 气 企 业 应 当 做 些 什 么 ？,在暴雨和洪水季节，在山沟、洼陷等低洼地区施工时，煤层气企业应该采取哪些措施来加固地基和修建防洪设施？
"[['煤层气企业', '应当', '在井场配备足够数量的消防器材']]",煤 层 气 企 业 应 当 怎 么 做 ？,煤层气企业应当在井场配备哪些消防器材？
"[['消防器材', '应当', '由专人管理，定期维护保养']]",消 防 器 材 应 当 如 何 保 养 ？,请问消防器材应该如何进行保养和维护？
"[['消防器材摆放处', '应当', '保持通道畅通，确保取用方便。']]",消 防 器 材 摆 放 处 应 当 怎 么 做 ？,请问消防器材摆放处应该如何保持通道畅通，确保取用方便？
"[['消防器材', '不得', '挪作他用']]",消 防 器 材 不 得 挪 作 他 用 ？,请问消防器材不得挪作他用的规定是什么？
"[['煤层气企业', '应当', '设置相应的安全警示标志']]",请 问 煤 层 气 企 业 应 当 做 什 么 ？,请问煤层气企业应当设置哪些安全警示标志？
"[['煤层气企业进行立、放井架及吊装作业', '应当', '与架空线路保持安全距离，并采取措施防止损害架空线路']]",请 问 煤 层 气 企 业 进 行 立 、 放 井 架 及 吊 装 作 业 应 当 注 意 什 么 ？,煤层气企业在执行立、放井架及吊装作业时，需要注意哪些安全事项以避免对架空线路造成损害？
"[['井架绷绳', '应当', '不少于4根']]",井 架 绷 绳 应 该 有 多 少 根 ？,井架绷绳至少应该有几根？
"[['绷绳强度', '应当', '与钻机匹配']]",请 问 绷 绳 强 度 应 当 用 于 什 么 ？,请问绷绳强度应当用于什么场合？
"[['地锚', '应当', '牢固可靠']]",请 问 地 锚 应 当 做 什 么 ？,地锚应该具备哪些特性？
"[['钻机水龙头和高压水龙带', '应当', '设有保险绳']]",钻 机 水 龙 头 和 高 压 水 龙 带 应 当 设 有 什 么 保 险 绳 ？,钻机水龙头和高压水龙带应该设置什么样的保险绳？
"[['钻台地板', '应当', '铺设应当平整、紧密、牢固']]",钻 台 地 板 应 当 如 何 铺 设 ？,钻台地板在铺设时应当遵循哪些原则？
"[['井架2层以上平台', '应当', '安装可靠防护栏杆']]",井 架 2 层 以 上 平 台 应 当 怎 么 做 ？,井架2层以上平台应该安装什么？
"[['防护栏', '应当', '高度应当大于1.2米']]",你 知 道 防 护 栏 的 高 度 是 多 少 吗 ？,请问防护栏的高度标准是多少？
"[['防护栏', '应当', '采用防滑钢板']]",你 知 道 防 护 栏 应 该 怎 么 做 吗 ？,请问防护栏应该采用什么材料？
"[['活动工作台', '应当', '安装制动、防坠、防窜、行程限制、安全挂钩、手动定位器等安全装置']]",活 动 工 作 台 应 当 如 何 安 装 ？,活动工作台在安装时应该包含哪些安全装置？
"[['钻机钢丝绳安全系数', '应当', '大于7']]",请 问 钻 机 钢 丝 绳 安 全 系 数 应 该 有 多 少 ？,钻机钢丝绳的安全系数应该达到多少？
"[['吊卡处于井口时，绞车滚筒钢丝绳', '应当', '圈数不少于7圈']]",吊 卡 处 于 井 口 时 ， 绞 车 滚 筒 钢 丝 绳 应 当 怎 么 做 ？,吊卡处于井口时，绞车滚筒钢丝绳应该如何处理？
"[['钢丝绳固定连接绳卡', '应当', '不少于3个']]",钢 丝 绳 固 定 连 接 绳 卡 应 当 有 多 少 个 ？,请问钢丝绳固定连接绳卡至少需要多少个？
"[['发电机', '应当', '配备超载保护装置']]",发 电 机 应 当 如 何 保 养 ？,发电机应当如何保养？
"[['电动机', '应当', '配备短路、过载保护装置']]",电 动 机 应 当 如 何 保 养 ？,电动机在保养时应当配备哪些保护装置？
"[['井场油罐阀门', '应当', '无渗漏，罐口封闭上锁，并有专人管理']]",井 场 油 罐 阀 门 应 当 做 什 么 ？,井场油罐阀门应当如何管理以确保无渗漏，罐口封闭上锁，并有专人负责？
"[['柴油机排气管', '应当', '无破损、无积炭']]",请 问 柴 油 机 排 气 管 应 当 做 什 么 ？,请问柴油机排气管应当保持什么状态？
"[['其出口', '不得', '指向循环罐']]",请 问 其 出 口 不 得 出 入 ？,请问其出口不得指向哪里？
"[['其出口', '不得', '指向油罐区']]",请 问 其 出 口 不 得 指 向 哪 个 方 向 ？,请问其出口不得指向哪个方向？
"[['井场电气设备', '应当', '设保护接零或者保护接地']]",井 场 电 气 设 备 应 当 怎 么 做 ？,井场电气设备应当如何设置保护接零或者保护接地？
"[['保护接地电阻', '应当', '小于4欧姆']]",保 护 接 地 电 阻 的 应 用 范 围 是 什 么 ？,保护接地电阻的应小于4欧姆，请问它的应用范围是什么？
"[['井场电力线路', '应当', '电缆']]",请 问 井 场 电 力 线 路 应 当 用 于 什 么 ？,井场电力线路应该使用什么材料？
"[['井场电力线路', '应当', '架空架设']]",井 场 电 力 线 路 应 当 怎 么 做 ？,井场电力线路应该怎样进行架空架设？
"[['通道、设备处', '应当', '增加防护套']]",通 道 、 设 备 处 应 当 怎 么 做 ？,请问通道、设备处应该如何增加防护套？
"[['井场电器安装技术要求', '应当', '国家对井场电气安装技术的要求']]",井 场 电 器 安 装 技 术 要 求 应 当 注 意 什 么 ？,在井场进行电器安装时，我们应当注意哪些国家对井场电气安装技术的具体要求？
"[['煤层气企业安装、拆卸井架时，井架上下', '不得', '同时作业']]",煤 层 气 企 业 安 装 、 拆 卸 井 架 时 ， 井 架 上 下 不 得 同 时 作 业 ？,煤层气企业在安装或拆卸井架时，井架的上下部分是否可以同时进行作业？
"[['施工现场', '应当', '有可靠的通信联络']]",请 问 施 工 现 场 应 当 与 哪 些 设 备 相 连 ？,请问施工现场应当与哪些设备建立可靠的通信联络？
"[['施工现场', '应当', '保持24小时畅通']]",施 工 现 场 应 当 怎 么 做 ？,请问施工现场应该如何保持24小时畅通？
"[['煤层气企业安装井控装置时，放喷管线的布局', '应当', '考虑当地季节风向、居民区、道路、油罐区、电力线及各种设施等情况。']]",请 问 煤 层 气 企 业 安 装 井 控 装 置 时 ， 放 喷 管 线 的 布 局 应 当 考 虑 哪 些 因 素 ？,煤层气企业在安装井控装置时，放喷管线的布局应当考虑哪些因素？
"[['钻进施工', '应当符合', '符合国家标准、行业标准有关常规钻进安全技术的要求']]",钻 进 施 工 应 当 符 合 什 么 ？,请问在进行钻进施工时，需要符合哪些标准和常规安全技术要求？
"[['钻进施工', '应当符合', '一开、二开、钻目标煤层前等重要工序，由钻井监理进行全面的安全检查，经验收合格后方可作业']]",钻 进 施 工 应 当 符 合 什 么 ？,在进行钻进施工时，需要符合哪些重要工序的安全检查标准？
"[['钻进施工', '应当符合', '钻井队按照规定程序和操作规程进行操作，执行钻井作业设计中有关防火防爆的安全技术要求']]",钻 进 施 工 应 当 符 合 什 么 ？,在进行钻进施工时，需要遵循哪些安全技术要求？
"[['钻进施工', '应当符合', '选择适当的钻井液']]",钻 进 施 工 应 当 符 合 什 么 ？,在进行钻进施工时，应该选择什么样的钻井液才合适呢？
"[['钻进施工中如出现异常情况', '应当', '及时采取应急措施，立即启动应急预案。']]",钻 进 施 工 中 如 出 现 异 常 情 况 应 当 采 取 什 么 措 施 ？,在施工过程中遇到异常情况时，应该采取哪些应急措施并立即启动应急预案？
"[['套管下放时', '需要', '边下放边灌注钻井液，以免将浮鞋、浮箍压坏']]",请 问 套 管 下 放 时 需 要 灌 注 什 么 ？,套管下放时，需要灌注什么液体来保护浮鞋和浮箍？
"[['下套管作业', '应当符合', '吊套管上钻台，使用适当的钢丝绳，不得使用棕绳']]",下 套 管 作 业 应 当 符 合 什 么 ？,在进行下套管作业时，应当遵循哪些具体要求？
"[['下套管作业', '应当符合', '套管上扣时推荐使用套管动力钳，下放套管时密切观察指重表读数变化并按程序操作，发现异常及时处理']]",下 套 管 作 业 应 当 符 合 什 么 ？,在进行下套管作业时，应当遵循哪些具体的操作规范和注意事项？
"[['下套管作业', '应当符合', '套管串总重量不得大于钻机或者井架的提升能力，否则需采取相应的减重措施']]",下 套 管 作 业 应 当 符 合 什 么 ？,在进行下套管作业时，需要遵守哪些规定？
"[['固井作业', '应当符合', '摆车时设专人指挥，下完套管需先灌满套管，不得直接开泵洗井']]",固 井 作 业 应 当 符 合 什 么 ？,在进行固井作业时，需要遵循哪些具体要求？
"[['固井作业', '应当符合', '开泵顶水泥浆时，所有人员不得靠近井口、泵房、高压管汇、安全阀及放压管线']]",固 井 作 业 应 当 符 合 什 么 ？,在进行固井作业时，有哪些安全规定需要遵守？
"[['煤层气企业', '应当', '测井施工前，应当召开安全会']]",请 问 煤 层 气 企 业 应 当 做 什 么 ？,煤层气企业在测井施工前应该进行哪些准备工作？
"[['煤层气企业', '应当', '提出作业安全要求']]",煤 层 气 企 业 应 当 做 什 么 ？,请问煤层气企业应当提出哪些作业安全要求？
"[['测井施工现场不具备安全生产条件的', '不得', '进行测井作业']]",测 井 施 工 现 场 不 具 备 安 全 生 产 条 件 的 不 得 从 事 什 么 工 作 ？,请问在测井施工现场不具备安全生产条件的情况下，不得进行哪项工作？
"[['井场钻台前方10米以外', '应当', '有摆放测井车辆的开阔地带']]",你 知 道 井 场 钻 台 前 方 10 米 以 外 是 什 么 地 方 吗 ？,井场钻台前方10米以外应当有什么地方？
"[['器材堆置', '不得', '影响车辆的进出及就位']]",你 知 道 器 材 堆 置 是 什 么 吗 ？,器材堆置的具体规定是什么？
"[['车载计算机', '必须', '采取防震、防尘措施']]",请 问 车 载 计 算 机 必 须 具 备 什 么 ？,请问车载计算机必须具备哪些特性？
"[['测井车辆', '应当', '车况、放射源及仪器设备安全检查']]",测 井 车 辆 应 当 如 何 保 养 ？,请问测井车辆应当如何进行车况、放射源及仪器设备的安全检查？
"[['测井车辆', '必须', '将车辆停放在安全场所']]",测 井 车 辆 必 须 是 什 么 ？,请问测井车辆必须将车辆停放在哪里？
"[['测井人员', '不得', '擅离职守']]",测 井 人 员 不 得 离 职 守 什 么 ？,请问测井人员不得擅离职守的职责是什么？
"[['测井人员', '不得', '进行与测井无关的其他作业']]",测 井 人 员 不 得 从 事 什 么 工 作 ？,测井人员不能进行哪些与测井无关的作业？
"[['测井人员', '不得', '动用非本岗位的仪器设备']]",测 井 人 员 不 得 从 事 什 么 工 作 ？,测井人员不能使用哪些非本岗位的仪器设备？
"[['摆放测井设备', '应当', '充分考虑风向']]",摆 放 测 井 设 备 应 当 注 意 什 么 ？,摆放测井设备时，我们应该充分考虑哪些因素？
"[['测井仪器车等工作场所的电源、温度、湿度', '应当符合', '符合安全需要']]",测 井 仪 器 车 等 工 作 场 所 的 电 源 、 温 度 、 湿 度 应 当 符 合 什 么 ？,请问测井仪器车等工作场所的电源、温度、湿度应当符合哪些安全需要？
"[['电路系统', '不得', '有短路和漏电现象']]",你 知 道 电 路 系 统 的 不 得 ？,请问电路系统不得有哪些现象？
"[['测井车', '应当', '接地良好']]",测 井 车 应 当 怎 么 做 ？,请问测井车应当如何确保接地良好？
"[['煤层气企业', '应当', '停止测井作业']]",请 问 煤 层 气 企 业 应 当 做 什 么 ？,请问煤层气企业应当停止哪些作业？
"[['煤层气企业', '应当', '将井口附近的无关物品移开']]",请 问 煤 层 气 企 业 应 当 怎 么 做 ？,煤层气企业应该如何处理井口附近的无关物品？
"[['煤层气企业', '应当', '及时清除钻台转盘及钻台作业面上的钻井液']]",请 问 煤 层 气 企 业 应 当 怎 么 做 ？,煤层气企业应当如何及时清除钻台转盘及钻台作业面上的钻井液？
"[['冬季测井施工时', '应当', '及时清除深度丈量轮和电缆上的结冰']]",冬 季 测 井 施 工 时 应 当 注 意 什 么 ？,冬季进行测井施工时，需要注意哪些事项以确保深度丈量轮和电缆上的结冰被及时清除？
"[['在井口装卸放射源或者其他仪器时', '应当', '先将井口盖好']]",在 井 口 装 卸 放 射 源 或 者 其 他 仪 器 时 应 该 注 意 什 么 ？,在井口装卸放射源或其他仪器时，我们应该先做什么？
"[['在井口装卸放射源或者其他仪器时', '不得', '将工具放在转盘上']]",在 井 口 装 卸 放 射 源 或 者 其 他 仪 器 时 ， 不 得 使 用 工 具 ？,在井口装卸放射源或其他仪器时，不能将工具放在转盘上，对吗？
"[['仪器开机前，煤层气企业', '应当', '对电源、仪器接线及接地、各部件及计算机、需固定装置的安装状况、绞车的刹车及变速装置进行复查']]",你 知 道 仪 器 开 机 前 ， 煤 层 气 企 业 应 当 怎 么 做 吗 ？,煤层气企业在仪器开机前需要做哪些准备工作？
"[['测井过程中，操作人员', '应当', '观察仪器、设备的工作状态']]",测 井 过 程 中 ， 操 作 人 员 应 当 做 什 么 ？,在测井过程中，操作人员需要观察哪些方面来确保仪器和设备的工作状态？
"[['测井过程中，操作人员', '应当', '发现异常情况及时处理']]",测 井 过 程 中 ， 操 作 人 员 应 当 做 些 什 么 ？,在测井过程中，操作人员应该怎样处理发现的异常情况？
"[['下井仪器', '应当', '正确连接，牢固可靠']]",下 井 仪 器 应 当 如 何 连 接 ？,下井仪器应该如何正确连接，确保其牢固可靠？
"[['出入井口时，煤层气企业', '应当', '有专人在井口指挥']]",请 问 出 入 井 口 时 ， 煤 层 气 企 业 应 当 做 什 么 ？,出入井口时，煤层气企业应当如何安排专人在井口指挥？
"[['绞车启动后，电缆提升和下放过程中', '应当', '避免紧急刹车和骤然加速']]",绞 车 启 动 后 ， 电 缆 提 升 和 下 放 过 程 中 应 当 注 意 什 么 ？,绞车启动后，在电缆的提升和下放过程中，我们应该注意哪些事项以避免紧急刹车和骤然加速？
"[['工作人员', '应当', '避开绞车和电缆活动影响区']]",请 问 工 作 人 员 应 当 注 意 什 么 ？,请问工作人员在操作时应当避开哪些区域？
"[['工作人员', '严禁', '触摸和跨越电缆']]",请 问 工 作 人 员 严 禁 触 摸 屏 ？,请问工作人员严禁触摸和跨越的是哪些物品？
"[['仪器起下速度', '应当', '均匀，不得超过4000米/小时']]",仪 器 起 下 速 度 应 该 如 何 ？,仪器起下速度应当如何？
"[['距井底200米时', '应当', '减速慢下']]",距 井 底 200 米 时 应 该 注 意 什 么 ？,在井底200米时，我们应该注意什么？
"[['仪器上起离井口约300米时', '应当', '有专人在井口指挥，减速慢行']]",仪 器 上 起 离 井 口 约 300 米 时 应 当 注 意 什 么 ？,在仪器上离井口约300米时，应该特别关注什么？
"[['进入套管鞋时，起速', '不得', '超过600米/小时']]",进 入 套 管 鞋 时 ， 起 速 要 求 是 多 少 ？,请问进入套管鞋时的起速要求是多少？
"[['下井仪器遇阻时，操作人员', '应当', '将仪器提出井口']]",下 井 仪 器 遇 阻 时 ， 操 作 人 员 应 当 怎 么 做 ？,下井仪器遇到阻力时，操作人员应该如何处理？
"[['下井仪器遇阻时，操作人员', '应当', '通井后再进行测井作业']]",下 井 仪 器 遇 阻 时 ， 操 作 人 员 应 当 怎 么 做 ？,下井仪器遇阻时，操作人员应该如何处理？
"[['下井仪器遇阻时，操作人员', '严禁', '遇阻强冲']]",下 井 仪 器 遇 阻 时 ， 操 作 人 员 严 禁 吸 烟 ？,下井仪器遇阻时，操作人员严禁做什么？
"[['下井仪器遇卡时，操作人员', '应当', '立即停车']]",下 井 仪 器 遇 卡 时 ， 操 作 人 员 应 当 怎 么 做 ？,下井仪器遇卡时，操作人员应该如何应对？
"[['下井仪器遇卡时，操作人员', '应当', '缓慢上下活动']]",下 井 仪 器 遇 卡 时 ， 操 作 人 员 应 当 怎 么 做 ？,下井仪器遇卡时，操作人员应该如何操作？
"[['下井仪器遇卡时，操作人员', '应当', '迅速研究具体的处理措施']]",下 井 仪 器 遇 卡 时 ， 操 作 人 员 应 当 怎 么 做 ？,下井仪器遇卡时，操作人员应该如何迅速研究具体的处理措施？
"[['仪器', '应当', '井底及裸眼井段静止时间不得超过1分钟']]",你 知 道 仪 器 应 该 用 什 么 吗 ？,请问仪器在井底及裸眼井段静止时间不得超过1分钟时应该使用什么？
"[['仪器工作结束后，操作人员', '应当', '将各操纵部件恢复到安全位置']]",请 问 仪 器 工 作 结 束 后 ， 操 作 人 员 应 当 做 些 什 么 ？,仪器工作结束后，操作人员应该怎样做？
"[['仪器工作结束后，操作人员', '严禁', '在通电状态下搬运仪器设备和拔、插接线']]",请 问 仪 器 工 作 结 束 后 ， 操 作 人 员 严 禁 使 用 电 磁 炉 ？,仪器工作结束后，操作人员严禁在通电状态下搬运仪器设备和拔、插接线，请问操作人员在操作电磁炉时需要注意什么？
"[['夜间施工时，井场', '应当', '保障照明良好']]",夜 间 施 工 时 ， 井 场 应 当 怎 么 做 ？,夜间施工时，井场应该如何确保照明良好？
"[['遇有七级以上大风、暴雨、雷电、大雾等恶劣天气，煤层气企业', '应当', '暂停测井作业']]",遇 有 七 级 以 上 大 风 、 暴 雨 、 雷 电 、 大 雾 等 恶 劣 天 气 ， 煤 层 气 企 业 应 当 怎 么 做 ？,在遇到七级以上大风、暴雨、雷电或大雾等恶劣天气时，煤层气企业应该如何应对，特别是暂停哪些作业？
"[['遇有七级以上大风、暴雨、雷电、大雾等恶劣天气，煤层气企业', '应当', '将仪器起入套管内，并关闭仪器电源']]",遇 有 七 级 以 上 大 风 、 暴 雨 、 雷 电 、 大 雾 等 恶 劣 天 气 ， 煤 层 气 企 业 应 当 如 何 ？,在遇到七级以上大风、暴雨、雷电、大雾等恶劣天气时，煤层气企业应该如何操作？
"[['测井作业', '应当', '采取相应防护措施']]",测 井 作 业 应 当 注 意 什 么 ？,在进行测井作业时，我们应该采取哪些防护措施呢？
"[['测井作业', '需要', '测井方案']]",测 井 作 业 需 要 什 么 ？,进行测井作业需要哪些测井方案？
"[['测井方案，待批准后方可', '进行', '测井作业']]",测 井 方 案 ， 待 批 准 后 方 可 进 行 ？,请问测井方案需要经过哪些步骤才能进行测井作业？
"[['放射源', '必须', '存放在专用源库中']]",请 问 放 射 源 必 须 存 在 什 么 地 方 ？,请问放射源必须存放在哪里？
"[['专用源库', '应当符合', '国家有关油（气）田测井用密封型放射源卫生防护标准']]",专 用 源 库 应 当 符 合 什 么 ？,请问专用源库需要符合哪些国家卫生防护标准？
"[['煤层气企业', '应当', '建立健全放射源的使用档案及领用、保管制度']]",煤 层 气 企 业 应 当 如 何 保 管 ？,煤层气企业应该如何建立并维护好放射源的使用档案及领用、保管制度？
"[['施工区', '应当', '建立临时源库']]",施 工 区 应 当 怎 么 做 ？,施工区应当如何建立临时源库？
"[['源库', '应当', '设有警戒标志并有防盗、防丢失措施']]",请 问 源 库 应 当 用 于 什 么 ？,源库应当用于什么场合？
"[['运输放射源的防护容器', '应当', '加锁']]",运 输 放 射 源 的 防 护 容 器 应 当 怎 么 做 ？,运输放射源的防护容器应该如何加锁？
"[['运输放射源的防护容器', '应当', '标示放射性核素名称、活度、电离辐射警告标志']]",运 输 放 射 源 的 防 护 容 器 应 当 如 何 保 存 ？,运输放射源的防护容器应该如何正确地进行标记？
"[['运输放射源的防护容器', '应当', '标示容器的编号']]",运 输 放 射 源 的 防 护 容 器 应 当 如 何 ？,运输放射源的防护容器应当如何标示容器的编号？
"[['防护容器、运源车内及车附近的剂量当量率', '应当符合', '国家有关油（气）田测井用密封型放射源卫生防护标准的要求']]",防 护 容 器 、 运 源 车 内 及 车 附 近 的 剂 量 当 量 率 符 合 什 么 ？,请问防护容器、运源车内及车附近的剂量当量率应当符合什么标准？
"[['放射源', '必须', '专车运输、专人押运']]",我 想 知 道 放 射 源 需 要 什 么 ？,请问运输放射性物质需要哪些特殊措施？
"[['放射源', '必须', '中途停车、住宿时应当有专人监护']]",请 问 放 射 源 必 须 具 备 什 么 条 件 ？,请问运输放射源时，中途停车或住宿时必须具备什么条件？
"[['运源车', '严禁', '搭乘无关人员和押运生活消费品']]",运 源 车 严 禁 乘 坐 ？,运源车严禁搭乘哪些人员？
"[['采取足够安全防护措施的运源车', '严禁', '进入人口密集区和在公共停车场停留']]",你 知 道 采 取 足 够 安 全 防 护 措 施 的 运 源 车 是 严 禁 的 吗 ？,请问采取足够安全防护措施的运源车是否被禁止进入人口密集区和在公共停车场停留？
"[['煤层气企业', '必须', '根据辐射水平或者放射性污染的可能范围划出警戒区']]",请 问 煤 层 气 企 业 必 须 具 备 什 么 ？,请问煤层气企业必须具备什么条件来划定警戒区？
"[['警戒区', '应当', '设置电离辐射警告标志，设专人监护']]",请 问 警 戒 区 应 当 做 什 么 ？,警戒区应当设置哪些措施以确保安全？
"[['煤层气企业', '应当', '定期对从事放射性工作的人员进行个人剂量监测和职业健康检查']]",请 问 煤 层 气 企 业 应 当 做 什 么 ？,请问煤层气企业应当定期对从事放射性工作的人员进行哪些检查？
"[['煤层气企业', '应当', '建立个人剂量档案和职业健康监护档案']]",煤 层 气 企 业 应 当 怎 么 做 ？,煤层气企业应当建立哪些档案？
"[['如被确认为放射损伤者，煤层气企业', '应当', '将其调离放射性工作并及时治疗']]",如 被 确 认 为 放 射 损 伤 者 ， 煤 层 气 企 业 应 当 如 何 ？,如果煤层气企业确认有员工遭受放射性损伤，应该如何处理？
"[['拟参加放射性工作的人员', '必须', '经过体检']]",拟 参 加 放 射 性 工 作 的 人 员 必 须 经 过 什 么 检 查 ？,拟参加放射性工作的人员必须经过什么检查？
"[['测井施工人员', '应当', '按照辐射防护的时间、距离、屏蔽原则，采取最优化的辐射防护方式']]",测 井 施 工 人 员 应 当 如 何 保 护 ？,测井施工人员在执行工作时，应该如何遵循辐射防护的最佳实践？
"[['必须裸露使用放射源时', '应当', '使用专用工具']]",必 须 裸 露 使 用 放 射 源 时 应 当 注 意 什 么 ？,在必须裸露使用放射源时，我们应当使用哪些专用工具来确保安全？
"[['放射性液体和固体废物', '应当', '收集在贮存设施内封存']]",放 射 性 液 体 和 固 体 废 物 应 当 收 集 在 什 么 地 方 ？,放射性液体和固体废物应该怎样处理？
"[['放射性液体和固体废物', '应当', '定期上交当地环境保护行政主管部门处理']]",放 射 性 液 体 和 固 体 废 物 应 当 如 何 保 管 ？,放射性液体和固体废物应该如何定期上交当地环境保护行政主管部门处理？
"[['放射源的调拨、处理、转让、废弃处理，以及遇有放射源被盗、遗失等放射性事故时，煤层气企业', '必须', '按照《放射性同位素与射线装置安全和防护条例》和《放射事故管理规定》的规定进行妥善处理']]",请 问 放 射 源 的 调 拨 、 处 理 、 转 让 、 废 弃 处 理 ， 需 要 按 照 什 么 规 定 进 行 妥 善 处 理 ？,在煤层气企业中，如果发生放射源被盗、遗失等放射性事故，或者需要进行放射源的调拨、处理、转让、废弃处理，应该遵循哪些规定来确保妥善处理？
"[['放射源掉入井内的，煤层气企业', '应当', '及时打捞']]",放 射 源 掉 入 井 内 的 ， 煤 层 气 企 业 应 当 怎 么 做 ？,如果放射源掉入井内，煤层气企业应该如何及时处理？
"[['放射源掉入井内的，煤层气企业', '应当', '指定专人负责实施']]",放 射 源 掉 入 井 内 的 ， 煤 层 气 企 业 应 当 怎 么 做 ？,当放射源意外掉入井内时，煤层气企业应该如何处理？
"[['放射工作场所', '严禁', '吸烟、进食和饮水']]",请 问 放 射 工 作 场 所 严 禁 吸 烟 ？,请问在放射工作场所严禁哪些行为？
"[['射孔作业前', '必须', '通井']]",射 孔 作 业 前 必 须 做 什 么 ？,在执行射孔作业之前，必须完成哪些准备工作？
"[['装配现场', '严禁', '其他人员进入，严禁吸烟和使用明火']]",请 问 装 配 现 场 严 禁 吸 烟 ？,请问装配现场是否允许吸烟？
"[['射孔作业现场周围的车辆、人员', '不得', '使用无线电通信设备']]",射 孔 作 业 现 场 周 围 的 车 辆 、 人 员 不 得 进 出 ？,射孔作业现场周围的车辆、人员不得使用无线电通信设备，请问这是否意味着他们不能在现场使用无线电设备？
"[['装配时，操作人员', '应当', '站在射孔枪的安全方位']]",请 问 装 配 时 ， 操 作 人 员 应 当 做 什 么 ？,装配时，操作人员应该站在哪里？
"[['煤层气企业在井口进行接线时', '应当', '将枪身全部下入井内，电缆芯对地短路放电后方可接通']]",你 知 道 煤 层 气 企 业 在 井 口 进 行 接 线 时 应 当 注 意 什 么 吗 ？,煤层气企业在井口进行接线时需要注意什么？
"[['未起爆的枪身', '应当', '在断开引线并做好绝缘后，方可起出井口']]",未 起 爆 的 枪 身 应 当 怎 么 做 ？,未起爆的枪身在取出井口之前应该如何处理？
"[['未起爆的枪身或者已装好的枪身不再进行施工时', '应当', '在圈闭相应的作业区域内及时拆除雷管和射孔弹']]",我 想 知 道 未 起 爆 的 枪 身 或 者 已 装 好 的 槍 身 不 再 进 行 施 工 时 应 当 做 什 么 ？,未起爆的枪身或者已装好的枪身不再进行施工时，应该如何处理？
"[['使用过的射孔弹、雷管', '不得', '再次使用']]",你 知 道 使 用 过 的 射 孔 弹 、 雷 管 可 以 干 什 么 吗 ？,使用过的射孔弹、雷管可以再次使用吗？
"[['撞击式井壁取心器炸药的使用', '应当', '遵守国家有关火工品安全管理的规定']]",撞 击 式 井 壁 取 心 器 炸 药 的 使 用 应 当 遵 守 什 么 ？,撞击式井壁取心器炸药的使用应当遵守哪些国家关于火工品安全管理的规定？
"[['检测雷管时，检测人员', '应当', '使用爆破欧姆表测量']]",你 知 道 检 测 雷 管 时 ， 检 测 人 员 应 当 怎 么 做 吗 ？,检测雷管时，检测人员应该使用什么工具进行测量？
"[['下深超过70米时', '允许', '接通电源']]",下 深 超 过 70 米 时 允 许 什 么 ？,下深超过70米时允许接通电源吗？
"[['大雾、雷雨、七级风以上（含七级）天气及夜间', '不得', '进行射孔和井壁取心作业']]",大 雾 、 雷 雨 、 七 级 风 以 上 （ 含 七 级 ） 天 气 及 夜 间 不 得 ？,在大雾、雷雨、七级风以上（含七级）天气及夜间，什么作业是被禁止的？
"[['施工结束返回后，施工人员', '应当', '直接将剩余火工品送交库房，并与保管员办理交接手续']]",施 工 结 束 返 回 后 ， 施 工 人 员 应 当 怎 么 做 ？,施工结束后，施工人员应该如何处理剩余的火工品？
"[['爆炸物品的销毁', '应当', '符合国家有关石油射孔和井壁取心用爆炸物品销毁标准的规定']]",爆 炸 物 品 的 销 毁 应 当 符 合 什 么 规 定 ？,爆炸物品的销毁应当遵循哪些国家规定？
"[['井场', '应当', '具备能摆放压裂设备并方便作业的足够面积']]",井 场 应 当 具 备 什 么 ？,井场应当具备哪些条件？
"[['井场', '应当', '设有明确的安全警示标志']]",井 场 应 当 设 置 在 什 么 地 方 ？,井场应当设置在哪些地方？
"[['施工作业前，施工人员', '应当', '详细了解井场内地下管线及电缆分布情况']]",请 问 施 工 作 业 前 ， 施 工 人 员 应 当 做 什 么 工 作 ？,在施工作业前，施工人员需要做哪些准备工作？
"[['施工作业前，施工人员', '应当', '按照设计要求做好施工前准备']]",施 工 作 业 前 ， 施 工 人 员 应 当 怎 么 做 ？,在施工作业前，施工人员应该如何按照设计要求做好准备工作？
"[['新井、一年内未进行任何作业的老井', '应当', '进行通井']]",新 井 、 一 年 内 未 进 行 任 何 作 业 的 老 井 应 当 怎 么 做 ？,新井、一年内未进行任何作业的老井应该如何处理？
"[['通井时遇到异常情况的，施工人员', '应当', '在采取有效措施后方可继续作业']]",通 井 时 遇 到 异 常 情 况 的 施 工 人 员 应 当 怎 么 做 ？,在通井时遇到异常情况时，施工人员应该如何处理？
"[['压裂设备、井口装置和地面管汇', '应当', '满足压裂施工工艺和压力要求']]",压 裂 设 备 、 井 口 装 置 和 地 面 管 汇 应 当 怎 么 做 ？,压裂设备、井口装置和地面管汇在压裂施工中应当满足哪些具体要求？
"[['压裂施工所用高压泵安全销子的剪断压力', '不得', '超过高压泵额定最高工作压力']]",压 裂 施 工 所 用 高 压 泵 安 全 销 子 的 剪 断 压 力 要 求 是 什 么 ？,压裂施工所用高压泵的安全销子，其剪断压力的要求是多少？
"[['井口', '应当', '用专用支架或者其他方式固定']]",井 口 应 该 如 何 保 养 ？,井口应该如何保养？
"[['高压管线长度每间隔8米时', '应当', '有固定高压管线的措施']]",高 压 管 线 长 度 每 间 隔 8 米 时 应 当 做 什 么 ？,高压管线长度每间隔8米时，应该采取哪些固定措施？
"[['以井口10米为半径，沿泵车出口至井口地面流程两侧10米为边界', '设置', '高压危险区']]",请 问 以 井 口 10 米 为 半 径 ， 沿 泵 车 出 口 至 井 口 地 面 流 程 两 侧 10 米 的 边 界 设 置 了 什 么 ？,请问在以井口10米为半径，沿泵车出口至井口地面流程两侧10米的边界上，设置了什么？
"[['高压危险区', '应当', '使用专用安全带设置封闭的安全警戒线']]",高 压 危 险 区 应 当 怎 么 做 ？,在高压危险区，我们应该采取哪些安全措施？
"[['摆放设备时，煤层气企业', '应当', '安排好混砂车与管汇车、管汇车与压裂泵车、压裂泵车距井口的距离']]",摆 放 设 备 时 ， 煤 层 气 企 业 应 当 怎 么 做 ？,摆放设备时，煤层气企业应该如何安排混砂车与管汇车、管汇车与压裂泵车、压裂泵车与井口之间的距离？
"[['仪表车', '应当', '安放在能看到井口、视野开阔的地点']]",你 知 道 仪 表 车 应 当 放 在 什 么 地 方 吗 ？,请问仪表车应该安放在哪里？
"[['压裂施工', '必须', '在白天进行']]",压 裂 施 工 必 须 在 什 么 时 候 进 行 ？,压裂施工必须在哪一天进行？
"[['煤层气企业', '应当', '对压裂施工进行统一指挥']]",请 问 煤 层 气 企 业 应 当 做 什 么 ？,请问煤层气企业在进行压裂施工时应当如何统一指挥？
"[['指挥员', '应当', '随时掌握施工动态，保持通讯系统畅通']]",你 知 道 指 挥 员 应 当 做 什 么 吗 ？,指挥员在施工过程中应该承担哪些职责以确保通讯系统的正常运行？
"[['煤层气企业在施工前', '应当', '召开安全会']]",请 问 煤 层 气 企 业 在 施 工 前 应 当 做 什 么 ？,煤层气企业在施工前应当进行哪些准备工作？
"[['煤层气企业在施工前', '应当', '提出安全要求']]",煤 层 气 企 业 在 施 工 前 应 当 注 意 什 么 ？,煤层气企业在施工前应当注意哪些安全要求？
"[['煤层气企业在施工前', '应当', '明确安全阀限定值']]",煤 层 气 企 业 在 施 工 前 应 当 注 意 什 么 ？,煤层气企业在施工前应当注意什么？
"[['煤层气企业在施工前', '应当符合', '检查压裂设备、校对仪表，确保压裂主机及辅机的工作状况良好，待修或者未达到施工要求的设备不得参加施工']]",煤 层 气 企 业 在 施 工 前 应 当 符 合 什 么 ？,煤层气企业在施工前应当符合哪些要求？
"[['煤层气企业在施工前', '应当符合', '按照设计要求试压合格，各部阀门应当灵活好用。设备和管线泄漏时，应当在停泵、泄压后方可检修']]",煤 层 气 企 业 在 施 工 前 应 当 符 合 什 么 ？,煤层气企业在施工前应当符合什么要求？
"[['煤层气企业在施工前', '应当符合', '压裂车逐台逐挡充分循环排空，排净残液、余砂。']]",煤 层 气 企 业 在 施 工 前 应 当 符 合 什 么 ？,煤层气企业在施工前应当符合哪些具体要求？
"[['施工期间煤层气企业', '应当', '派专人负责巡视边界']]",施 工 期 间 煤 层 气 企 业 应 当 怎 么 做 ？,施工期间，煤层气企业应该如何安排专人负责巡视边界？
"[['井场', '严禁', '非施工人员进入']]",井 场 严 禁 什 么 ？,井场严禁哪些人进入？
"[['高压区', '必须', '设有警戒']]",高 压 区 必 须 是 什 么 ？,请问高压区必须设置什么？
"[['无关人员', '不得', '进入']]",无 关 人 员 不 得 进 入 ？,无关人员不得进入，请问这表示什么？
"[['施工中进出井场的车辆排气管', '应当', '安装阻火器']]",施 工 中 进 出 井 场 的 车 辆 排 气 管 应 当 怎 么 做 ？,施工中进出井场的车辆排气管应该安装什么？
"[['施工车辆通过井场地面裸露的油、气管线及电缆时，煤层气企业', '应当', '采取防止碾压的保护措施']]",施 工 车 辆 通 过 井 场 地 面 裸 露 的 油 、 气 管 线 及 电 缆 时 ， 煤 层 气 企 业 应 当 采 取 什 么 措 施 ？,施工车辆通过井场地面裸露的油、气管线及电缆时，煤层气企业应当采取哪些保护措施来防止碾压？
"[['泵车操作', '应当', '平稳']]",泵 车 操 作 应 该 怎 么 做 ？,泵车操作时应该保持怎样的状态？
"[['泵车操作', '严禁', '无故换档或者停车']]",泵 车 操 作 严 禁 什 么 ？,泵车操作时严禁什么行为？
"[['出现故障必须停车时，操作人员', '应当', '及时通知指挥员采取措施']]",出 现 故 障 必 须 停 车 时 ， 操 作 人 员 应 当 做 些 什 么 ？,当出现故障必须停车时，操作人员应该采取什么行动？
"[['压裂期间，煤层气企业', '必须', '有专人监测剩余压裂液液面、支撑剂剩余量和供应情况']]",压 裂 期 间 ， 煤 层 气 企 业 必 须 做 什 么 ？,在压裂期间，煤层气企业必须进行哪些监测工作？
"[['压裂期间，煤层气企业', '应当', '确保连续供液和供砂']]",压 裂 期 间 ， 煤 层 气 企 业 应 当 做 什 么 ？,压裂期间，煤层气企业应当采取哪些措施来确保连续供液和供砂？
"[['加砂过程中，压力突然上升或者发生砂堵时，煤层气企业', '应当', '及时研究处理，不得强行憋压']]",加 砂 过 程 中 ， 压 力 突 然 上 升 或 者 发 生 砂 堵 时 ， 煤 层 气 企 业 应 当 如 何 处 理 ？,在加砂过程中，如果压力突然上升或遇到砂堵问题，煤层气企业应该如何及时研究和处理，避免强行憋压的情况发生？
"[['使用放射性示踪剂的', '应当', '按照有关规定采取相应的防护措施，并定期对放射性示踪剂的活度、存储装置是否完好进行检测，对接触人员进行体检。']]",使 用 放 射 性 示 踪 剂 的 应 当 注 意 什 么 ？,使用放射性示踪剂时需要注意哪些防护措施？
"[['压裂施工后，煤层气企业', '应当', '对设备的气路系统、液压系统、吸入排出系统、仪表系统、混合系统、柱塞泵、卡车、燃料系统等进行安全检查和维修保养。']]",压 裂 施 工 后 ， 煤 层 气 企 业 应 当 如 何 保 养 ？,压裂施工后，煤层气企业应该如何对设备进行保养？
"[['排采井场', '应当', '平整、清洁、无杂草']]",排 采 井 场 应 当 怎 么 做 ？,排采井场应当如何保持整洁和有序？
"[['排采井场', '应当', '井场周围应当设围栏，围栏高度不得低于1.7米，并有明确的警示标识']]",排 采 井 场 应 当 设 围 栏 吗 ？,排采井场是否需要设置围栏，围栏高度应达到多少，以及是否需要设置警示标识？
"[['排采井场', '应当', '井场内所有可能对人体产生碰伤、挤伤或者其他伤害的危险物体均应当涂以红色标记，以示警告']]",请 问 排 采 井 场 应 当 涂 以 什 么 ？,在排采井场，所有可能对人体造成伤害的危险物体都应当被涂上什么颜色以示警告？
"[['煤层气企业', '应当', '将排采沉淀池布置在井场围栏范围内']]",请 问 煤 层 气 企 业 应 当 做 什 么 ？,请问煤层气企业应当如何布置排采沉淀池？
"[['选择放空火炬的位置', '应当', '考虑当地全年主风向，置于全年最小频率风向的上风侧']]",你 知 道 选 择 放 空 火 炬 的 位 置 应 当 考 虑 什 么 吗 ？,选择放空火炬的位置时，应该考虑哪些因素？
"[['排采设备', '应当', '置于远离放空火炬的一侧摆放']]",排 采 设 备 应 当 怎 么 摆 放 ？,排采设备应该怎样正确摆放？
"[['发电机排气筒方向', '不得', '正对井口']]",发 电 机 排 气 筒 方 向 需 要 什 么 ？,发电机排气筒的方向有什么要求？
"[['煤层气企业', '应当', '定期用可燃气体检测仪检测阀门、管线是否漏气，发现漏气应当立即检修处理']]",煤 层 气 企 业 应 当 怎 么 做 ？,煤层气企业应当如何定期检测并处理漏气问题？
"[['气、水管线', '应当', '分别安装气、水阀门']]",气 、 水 管 线 应 当 如 何 安 装 ？,请问在安装气、水管线时，应该如何分别安装气、水阀门？
"[['气管线', '应当', '涂成黄色']]",气 管 线 应 当 怎 么 做 ？,请问气管线应当如何涂色？
"[['水管线', '应当', '涂成绿色']]",水 管 线 应 当 怎 么 做 ？,水管线应该涂成什么颜色？
"[['煤层气企业', '应当', '定期检查气水分离器（如有）的阀门、安全阀是否灵活好用']]",请 问 煤 层 气 企 业 应 当 怎 么 做 ？,请问煤层气企业应该如何定期检查气水分离器（如有）的阀门、安全阀是否灵活好用？
"[['煤层气企业', '应当', '对气水分离器（如有）定期排水']]",煤 层 气 企 业 应 当 如 何 排 水 ？,煤层气企业应该如何对气水分离器进行定期排水？
"[['抽油机的安装', '应当符合', '地基夯实，水泥基础坐落在土质均匀的原土上，冰冻地区应当开挖至冰冻层以下']]",抽 油 机 的 安 装 符 合 什 么 ？,抽油机的安装需要符合哪些具体要求？
"[['抽油机的安装', '应当符合', '基础表面没有裂纹、变形现象']]",抽 油 机 的 安 装 应 当 符 合 什 么 ？,抽油机的安装应当符合哪些标准？
"[['抽油机的安装', '应当符合', '抽油机底座与基础墩接触面紧密贴实，地角螺栓不得悬空']]",抽 油 机 的 安 装 应 当 符 合 什 么 ？,抽油机的安装应当满足哪些具体要求？
"[['抽油机的安装', '应当符合', '平衡块与曲柄的装配面及曲柄燕尾槽内严禁夹入杂物']]",抽 油 机 的 安 装 应 当 符 合 什 么 ？,抽油机的安装应当符合哪些标准？
"[['抽油机启动前，煤层气企业', '应当', '确保抽油机各部位牢固可靠、刹车及皮带松紧适宜、供电系统正常']]",抽 油 机 启 动 前 ， 煤 层 气 企 业 应 当 做 些 什 么 ？,在启动抽油机之前，煤层气企业需要做哪些准备工作以确保抽油机的安全运行？
"[['工作人员巡检时', '应当', '与抽油机保持一定的安全距离，刹车操作后应当合上保险装置']]",工 作 人 员 巡 检 时 应 当 注 意 什 么 ？,巡检时，工作人员需要注意哪些安全事项？
"[['抽油机运转或者未停稳时', '不得', '接触、靠近抽油机的运转部位，也不得进行润滑、加油或者调整皮带等操作']]",抽 油 机 运 转 或 者 未 停 稳 时 不 得 接 触 什 么 ？,抽油机运转或者未停稳时，我们不能接触哪些部位呢？
"[['进行调整冲程、更换悬绳器等高空作业时，操作人员', '应当', '系好安全带并站稳']]",进 行 调 整 冲 程 、 更 换 悬 绳 器 等 高 空 作 业 时 ， 操 作 人 员 应 当 如 何 ？,在进行调整冲程、更换悬绳器等高空作业时，操作人员应当如何确保安全？
"[['更换井口装置时，煤层气企业', '应当', '在施工现场配备防火、防爆设施']]",更 换 井 口 装 置 时 ， 煤 层 气 企 业 应 当 注 意 什 么 ？,更换井口装置时，煤层气企业应当在施工现场配备哪些防火、防爆设施？
"[['割焊井口时，煤层气企业', '必须', '制定相应的安全技术措施']]",割 焊 井 口 时 ， 煤 层 气 企 业 必 须 具 备 什 么 ？,割焊井口时，煤层气企业必须具备哪些安全技术措施？
"[['螺杆泵设备运行期间', '应当', '各连接部位无松动']]",螺 杆 泵 设 备 运 行 期 间 应 该 怎 么 做 ？,螺杆泵设备在运行期间，应当如何确保各连接部位无松动？
"[['螺杆泵设备运行期间', '应当', '减速箱不漏（缺）油']]",螺 杆 泵 设 备 运 行 期 间 应 当 注 意 什 么 ？,螺杆泵设备在运行期间需要注意哪些事项以避免减速箱漏油或缺油？
"[['螺杆泵设备运行期间', '应当', '皮带无松弛']]",螺 杆 泵 设 备 运 行 期 间 应 当 注 意 什 么 ？,螺杆泵设备在运行期间需要注意哪些事项？
"[['螺杆泵设备运行期间', '应当', '光杆不下滑']]",螺 杆 泵 设 备 运 行 期 间 应 当 注 意 什 么 ？,螺杆泵设备在运行期间需要注意什么？
"[['螺杆泵设备运行期间', '应当', '机体无过热现象']]",螺 杆 泵 设 备 运 行 期 间 应 当 注 意 什 么 ？,螺杆泵设备在运行期间需要注意哪些问题以避免机体过热？
"[['欠载跳闸时，工作人员', '应当', '排除方卡子松动、传动部分打滑、断杆卸载等原因后方可开机']]",欠 载 跳 闸 时 ， 工 作 人 员 应 当 怎 么 做 ？,欠载跳闸时，工作人员应当如何处理？
"[['过载跳闸时', '应当', '排除短路、缺相现象后方可开机']]",过 载 跳 闸 时 应 当 怎 么 做 ？,过载跳闸时，我们应该先排除哪些问题才能重新开机？
"[['排采设备的控制柜', '应当', '有防护措施']]",你 知 道 排 采 设 备 的 控 制 柜 应 当 做 什 么 吗 ？,请问排采设备的控制柜应当具备哪些防护措施？
"[['埋地电缆处', '应当', '有明显标记']]",埋 地 电 缆 处 应 当 有 什 么 标 记 ？,请问埋地电缆处应当有什么明显的标记？
"[['测量电潜泵机组参数时，测量人员', '必须', '把控制柜总电源断开，并悬挂警示牌']]",请 问 测 量 电 潜 泵 机 组 参 数 时 ， 测 量 人 员 必 须 做 到 哪 些 ？,测量电潜泵机组参数时，测量人员必须采取哪些安全措施？
"[['电潜泵停机时', '不得', '带负荷拉闸']]",电 潜 泵 停 机 时 要 求 你 什 么 ？,电潜泵停机时有哪些注意事项？
"[['电潜泵出现故障停机时，如未查明原因并排除故障', '不得', '二次启动']]",电 潜 泵 出 现 故 障 停 机 时 ， 如 未 查 明 原 因 并 排 除 故 障 怎 么 办 ？,电潜泵出现故障停机时，如果未查明原因并排除故障，应该如何处理？
"[['动液面测试前', '必须', '在关闭套管阀门并释放压力后，方可安装井口连接器']]",动 液 面 测 试 前 必 须 安 装 哪 些 设 备 ？,在进行动液面测试前，必须先安装哪些设备？
"[['测试动液面', '应当', '采用氮气进行击发']]",测 试 动 液 面 应 当 怎 么 做 ？,测试动液面应当如何处理？
"[['测试动液面', '严禁', '采用声弹进行击发']]",你 知 道 测 试 动 液 面 的 严 禁 措 施 吗 ？,请问测试动液面时有哪些严禁的措施？
"[['连接器安装完毕后，连接器上的放空阀', '应当', '关严，缓慢打开套管阀门']]",你 知 道 连 接 器 安 装 完 毕 后 ， 请 问 应 该 怎 么 关 ？,连接器安装完毕后，连接器上的放空阀应该如何关闭？
"[['对有套压井，有关人员', '应当', '在套管阀门打开时无异常情况下方可装接信号线']]",对 有 套 压 井 ， 有 关 人 员 应 当 怎 么 做 ？,对有套压井，有关人员在套管阀门打开时应该怎么做？
"[['测试结束后，测试人员', '应当', '关严套管阀门，打开放空阀门，拆除各连接电缆后，方可卸下井口连接器']]",你 知 道 测 试 结 束 后 ， 测 试 人 员 应 当 怎 么 做 吗 ？,测试结束后，测试人员应该如何操作？
"[['示功图测试前，抽油机驴头', '必须', '停在下死点，拉住刹车']]",你 知 道 示 功 图 测 试 前 ， 抽 油 机 驴 头 必 须 怎 么 做 吗 ？,示功图测试前，抽油机驴头必须停在下死点并拉住刹车，这是正确的做法吗？
"[['操作人员', '应当', '选择安全的操作位置安装仪器']]",操 作 人 员 应 当 注 意 什 么 ？,操作人员在安装仪器时应当注意什么？
"[['仪器安装后', '必须', '确保挂上保险装置']]",你 知 道 仪 器 安 装 后 必 须 做 什 么 吗 ？,请问仪器安装后必须确保什么？
"[['修井时，探砂面、冲砂起下管柱', '应当', '按照国家有关常规修井作业规程的安全规定执行']]",修 井 时 ， 探 砂 面 、 冲 砂 起 下 管 柱 应 当 如 何 ？,修井时，探砂面、冲砂起下管柱应当遵循哪些安全规定？
"[['冲砂前，水龙带', '应当', '拴保险绳']]",你 知 道 冲 砂 前 ， 水 龙 带 应 该 当 做 什 么 吗 ？,在冲砂前，水龙带应该如何正确使用？
"[['循环管线', '应当', '不刺不漏']]",你 知 道 循 环 管 线 应 当 做 什 么 吗 ？,请问循环管线应当满足哪些要求？
"[['冲砂时', '严禁', '人员穿越高压区']]",冲 砂 时 严 禁 什 么 ？,冲砂时严禁什么？
"[['下泵时，井口', '应当', '安装防掉、防碰装置']]",下 泵 时 ， 井 口 应 当 怎 么 做 ？,下泵时，井口应该如何安装防掉、防碰装置？
"[['下泵时，井口', '严禁', '挂单吊环操作']]",下 泵 时 ， 井 口 严 禁 用 电 ？,下泵时，井口严禁挂单吊环操作，这是为什么？
"[['修井机绷绳强度', '应当', '与修井机匹配']]",修 井 机 绷 绳 强 度 应 当 怎 么 做 ？,请问修井机绷绳强度应该如何与修井机进行匹配？
"[['洗井时，泵车、水罐车等设备的摆放场地', '应当', '处于便于操作的安全位置']]",洗 井 时 ， 泵 车 、 水 罐 车 等 设 备 的 摆 放 场 地 应 当 怎 么 做 ？,洗井时，泵车、水罐车等设备应该摆放在哪里才安全？
"[['出口管线连接', '应当', '平直']]",请 问 出 口 管 线 连 接 应 该 是 什 么 样 的 ？,出口管线连接应该是什么样的？
"[['末端', '应当', '用地锚固定']]",末 端 应 当 怎 么 做 ？,请问末端应当如何通过用地锚进行固定？
"[['各部阀门', '应当', '灵活好用']]",各 部 阀 门 应 该 如 何 使 用 ？,请问各部阀门应该如何灵活使用？
"[['洗井前', '必须', '试压合格']]",洗 井 前 必 须 经 过 什 么 试 压 ？,洗井前必须经过什么试压？
"[['洗井期间，提升动力设备', '应当', '连续运转']]",洗 井 期 间 ， 提 升 动 力 设 备 应 当 怎 么 做 ？,洗井期间，提升动力设备应该如何连续运转？
"[['泵压升高，洗井不通时', '应当', '及时分析处理']]",泵 压 升 高 ， 洗 井 不 通 时 应 当 怎 么 做 ？,当泵压升高且洗井不通时，应该如何及时分析和处理？
"[['设备和管线泄漏时', '应当', '在停泵、泄压后方可检修']]",设 备 和 管 线 泄 漏 时 应 当 怎 么 做 ？,设备或管线发生泄漏时，我们应当采取哪些步骤进行检修？
"[['泵压升高，洗井不通时', '不得', '强行憋泵']]",泵 压 升 高 ， 洗 井 不 通 时 要 求 什 么 ？,泵压升高，洗井不通时，我们不能做什么？
"[['洗井期间，提升动力设备', '不得', '熄火']]",洗 井 期 间 ， 提 升 动 力 设 备 不 得 使 用 ？,洗井期间，提升动力设备不得使用什么？
"[['发生严重漏失时', '应当', '采取有效堵漏措施后再进行施工']]",你 知 道 发 生 严 重 漏 失 时 应 当 怎 么 做 吗 ？,当遇到严重漏失情况时，应该如何处理？
"[['煤层气企业', '应当', '对报废的煤层气井进行封井处理']]",煤 层 气 企 业 应 当 怎 么 做 ？,煤层气企业应该如何处理报废的煤层气井？
"[['煤层气企业', '应当', '建立报废煤层气井的档案']]",请 问 煤 层 气 企 业 应 当 做 什 么 ？,请问煤层气企业应当建立哪些档案？
"[['封固高度', '是', '从井底到最上面一个可采煤层顶板以上100米']]",你 知 道 封 固 高 度 是 什 么 吗 ？,请问封固高度是从井底到最上面一个可采煤层顶板以上100米吗？
"[['报废的煤层气井的井筒', '必须', '用水泥浆或者水泥砂浆封固']]",报 废 的 煤 层 气 井 的 井 筒 必 须 怎 么 做 ？,报废的煤层气井的井筒必须使用什么材料进行封固？
"[['废弃的井筒', '必须', '在井口打水泥塞']]",废 弃 的 井 筒 必 须 是 什 么 ？,废弃的井筒必须采取什么措施？
"[['废弃的井筒', '必须', '并将地面以下1.5米套管割掉']]",废 弃 的 井 筒 必 须 怎 么 做 ？,废弃的井筒必须如何处理？
"[['废弃的井筒', '必须', '用钢板将套管焊住']]",废 弃 的 井 筒 必 须 怎 么 做 ？,废弃的井筒必须如何处理？
"[['废弃的井筒', '必须', '然后填土至与地面平齐']]",废 弃 的 井 筒 必 须 填 土 ？,废弃的井筒必须如何处理？
"[['煤层气集输管线线路走向', '应当', '根据地形、工程地质、沿线井场（站场）的地理位置以及交通运输、动力等条件，确定最优线路']]",煤 层 气 集 输 管 线 线 路 走 向 应 当 怎 么 做 ？,煤层气集输管线线路走向应当如何确定？
"[['管线线路的选择', '应当符合', '线路顺直、平缓，减少与天然和人工障碍物的交叉']]",管 线 线 路 的 选 择 应 当 符 合 什 么 ？,管线线路的选择应当符合哪些标准？
"[['管线线路的选择', '应当符合', '避开重要的军事设施、易燃易爆仓库、国家重点文物保护单位等区域']]",管 线 线 路 的 选 择 应 当 符 合 什 么 ？,管线线路的选择应当符合哪些标准？
"[['管线线路的选择', '应当符合', '避开城镇规划区、大型站场、飞机场、火车站和国家级自然保护区等区域。当受条件限制，管线需要在上述区域内通过时，必须征得有关部门同意，留出足够的安全距离，并采取相应的安全保护措施']]",管 线 线 路 的 选 择 应 当 符 合 什 么 ？,在选择管线线路时，需要遵循哪些原则？
"[['管线线路的选择', '应当符合', '严禁管线通过铁路或者公路的隧道、桥梁（管线专用公路的隧道、桥梁除外）以及铁路编组站、大型客运站和变电所']]",管 线 线 路 的 选 择 应 当 符 合 什 么 ？,在选择管线线路时，应当遵循哪些规定？
"[['管线线路的选择', '应当符合', '避开地下杂散电流干扰大的区域；当避开确有困难时，需采取符合标准、规范的排流措施']]",管 线 线 路 的 选 择 应 当 符 合 什 么 ？,管线线路的选择应当符合哪些标准？
"[['管线线路的选择', '应当符合', '避开不良工程地质地段；需选择合适的位置和方式穿越']]",管 线 线 路 的 选 择 应 当 符 合 什 么 ？,管线线路的选择应当符合哪些标准？
"[['管线需要在上述区域内通过时', '必须', '征得有关部门同意，留出足够的安全距离，并采取相应的安全保护措施']]",管 线 需 要 在 上 述 区 域 内 通 过 时 需 要 注 意 什 么 ？,在上述区域内铺设管线时，需要注意哪些事项？
"[['避开地下杂散电流干扰大的区域；当避开确有困难时', '需要', '采取符合标准、规范的排流措施']]",避 开 地 下 杂 散 电 流 干 扰 大 的 区 域 应 当 避 开 确 有 困 难 时 ？,在避开地下杂散电流干扰大的区域确实有困难时，应该如何采取符合标准、规范的排流措施？
"[['煤层气管线及管线组件的材质选择', '应当', '综合考虑使用压力、温度、煤层气特性、使用地区、经济性等因素']]",煤 层 气 管 线 及 管 线 组 件 的 材 质 选 择 应 当 怎 样 ？,煤层气管线及管线组件的材质选择应当考虑哪些因素？
"[['煤层气管线及管线组件的材质选择', '应当符合', '采用材料的强度、寿命满足安全要求，煤层气集输钢质管道的设计符合《油气集输设计规范》（GB50350）的有关规定，煤层气采气聚乙烯管道的设计符合《聚乙烯燃气管道工程技术规程》（CJJ63）的有关规定']]",煤 层 气 管 线 及 管 线 组 件 的 材 质 选 择 符 合 什 么 规 定 ？,煤层气管线及管线组件的材质选择应当符合哪些规定？
"[['煤层气管线及管线组件的材质选择', '应当符合', '材料生产企业按照相应标准生产，并提供产品质量证明书']]",煤 层 气 管 线 及 管 线 组 件 的 材 质 选 择 应 当 符 合 什 么 ？,煤层气管线及管线组件的材质选择应当符合什么标准？
"[['煤层气管线及管线组件的材质选择', '应当符合', '选用的管线组件符合安全标准并有质量证明书']]",煤 层 气 管 线 及 管 线 组 件 的 材 质 选 择 应 当 符 合 什 么 ？,煤层气管线及管线组件的材质选择应当符合哪些标准？
"[['煤层气管线及管线组件的材质选择', '应当符合', '管线材质满足当地的抗震要求']]",煤 层 气 管 线 及 管 线 组 件 的 材 质 选 择 应 当 符 合 什 么 ？,煤层气管线及管线组件的材质选择应当符合什么要求？
"[['煤层气管线及管线组件的材质选择', '应当符合', '采用钢管和钢质组件时，应当根据强度等级、管径、壁厚、焊接方式及使用环境温度等因素提出材料韧性要求']]",煤 层 气 管 线 及 管 线 组 件 的 材 质 选 择 应 当 符 合 什 么 ？,煤层气管线及管线组件的材质选择应当符合哪些因素？
"[['煤层气管线及管线组件的材质选择', '应当符合', '穿越铁路、公路、大型河流及人口稠密区时，采用钢管，管线组件严禁使用铸铁件。']]",煤 层 气 管 线 及 管 线 组 件 的 材 质 选 择 应 当 符 合 什 么 ？,煤层气管线及管线组件的材质选择应当符合什么标准？
"[['煤层气采气聚乙烯管道', '应当符合', '符合《聚乙烯燃气管道工程技术规程》（CJJ63）的有关规定']]",煤 层 气 采 气 聚 乙 烯 管 道 应 当 符 合 什 么 ？,煤层气采气聚乙烯管道需要遵循哪些规定？
"[['煤层气集输钢质管道', '应当符合', '符合《油气集输设计规范》（GB50350）的有关规定']]",煤 层 气 集 输 钢 质 管 道 应 当 符 合 什 么 ？,煤层气集输钢质管道需要遵循哪些规定？
"[['材料生产企业', '需要', '提供产品质量证明书']]",材 料 生 产 企 业 需 要 什 么 ？,请问材料生产企业需要提供什么？
"[['穿越铁路、公路、大型河流及人口稠密区时，采用钢管，管线组件', '严禁', '使用铸铁件']]",请 问 穿 越 铁 路 、 公 路 、 大 型 河 流 及 人 口 稠 密 区 时 ， 采 用 钢 管 还 是 管 线 组 件 ？,在穿越铁路、公路、大型河流及人口稠密区时，钢管和管线组件哪个更被禁止使用？
"[['管线组件', '应当符合', '符合安全标准并有质量证明书']]",管 线 组 件 应 当 符 合 什 么 ？,管线组件应当符合哪些标准？
"[['管线材质', '满足', '当地的抗震要求']]",管 线 材 质 满 足 哪 些 条 件 ？,请问管线材质需要满足哪些条件才能符合当地的抗震要求？
"[['钢管和钢质组件', '应当符合', '根据强度等级、管径、壁厚、焊接方式及使用环境温度等因素提出材料韧性要求']]",钢 管 和 钢 质 组 件 应 当 符 合 什 么 ？,钢管和钢质组件在设计和选择时应考虑哪些因素来确定其材料韧性要求？
"[['煤层气集输管线', '应当', '采用埋地方式敷设']]",煤 层 气 集 输 管 线 应 当 怎 么 做 ？,煤层气集输管线应该采用哪种方式敷设？
"[['管线敷设', '应当', '满足抗震要求']]",管 线 敷 设 应 当 如 何 ？,管线敷设应当满足哪些抗震要求？
"[['煤层气集输管线', '允许', '采用土堤、地面、架空等方式敷设']]",煤 层 气 集 输 管 线 允 许 什 么 ？,煤层气集输管线可以采用哪些方式进行敷设？
"[['埋地管线坡度', '应当', '根据地形的要求，采用弹性敷设']]",埋 地 管 线 坡 度 应 当 怎 么 做 ？,请问埋地管线的坡度应该如何根据地形的要求进行弹性敷设？
"[['管线埋地深度', '应当', '在冻土层以下']]",管 线 埋 地 深 度 应 该 如 何 ？,管线埋地深度应该满足什么条件？
"[['覆土层最小厚度、管沟边坡和沟底宽度', '应当符合', '国家有关输气管道工程设计规范标准的规定']]",覆 土 层 最 小 厚 度 应 当 符 合 什 么 ？,覆土层的最小厚度应当符合哪些国家输气管道工程设计规范标准的规定？
"[['管线在交叉点两侧各延伸10米以上的管段', '应当', '采用相应的最高绝缘等级']]",管 线 在 交 叉 点 两 侧 各 延 伸 10 米 以 上 的 管 段 应 当 怎 么 做 ？,在管线交叉点两侧各延伸10米以上的管段，应该采取什么措施？
"[['管线与其他管线交叉时，其垂直净距', '不得', '小于0.3米']]",管 线 与 其 他 管 线 交 叉 时 ， 其 垂 直 净 距 是 多 少 ？,管线与其他管线交叉时，其垂直净距不得小于多少？
"[['管线与电力、通信电缆交叉时，其垂直净距', '不得', '小于0.5米']]",管 线 与 电 力 、 通 信 电 缆 交 叉 时 ， 其 垂 直 净 距 是 多 少 ？,请问管线与电力、通信电缆交叉时的垂直净距应为多少？
"[['曲率半径的计算', '应当符合', '符合国家有关输气管道工程设计规范标准的规定']]",请 问 曲 率 半 径 的 计 算 符 合 什 么 ？,请问曲率半径的计算需要符合哪些国家输气管道工程设计规范标准？
"[['管线改变方向时', '应当', '优先采用弹性敷设']]",管 线 改 变 方 向 时 应 当 怎 么 做 ？,管线改变方向时，应该优先采用什么方法？
"[['垂直面上弹性敷设管线的曲率半径', '应当', '大于管线在自重作用下产生的挠度曲线的曲率半径']]",你 知 道 垂 直 面 上 弹 性 敷 设 管 线 的 曲 率 半 径 的 大 小 吗 ？,请问垂直面上弹性敷设管线的曲率半径应该大于多少？
"[['弯头', '应当符合', '曲率半径应当大于或者等于外直径的4倍，并便于清管器或者检测仪器顺利通过']]",弯 头 应 当 符 合 什 么 ？,弯头应当符合什么条件？
"[['弯管上的环向焊缝', '应当', '进行X射线检查']]",弯 管 上 的 环 向 焊 缝 应 当 怎 么 做 ？,弯管上的环向焊缝应该进行哪种检查？
"[['现场冷弯弯管', '应当符合', '最小曲率半径应当符合国家有关输气管道工程设计规范标准的规定']]",现 场 冷 弯 弯 管 应 当 符 合 什 么 ？,请问现场冷弯弯管应当符合什么规定？
"[['管子对接偏差', '不得', '大于3度']]",管 子 对 接 偏 差 的 不 得 ？,管子对接偏差的最大允许值是多少度？
"[['管线', '不得', '采用褶皱弯或者虾米弯']]",管 线 不 得 使 用 什 么 技 术 ？,请问管线在安装时不得采用哪些技术？
"[['管线', '不得', '采用斜口连接']]",管 线 不 得 使 用 斜 口 连 接 ？,管线为什么不能使用斜口连接？
"[['管线穿、跨越铁路、公路、河流时', '应当符合', '国家油气输送管道穿越工程设计规范标准和油气输送管道跨越工程设计规范标准的有关规定']]",管 线 穿 、 跨 越 铁 路 、 公 路 、 河 流 时 应 当 符 合 什 么 ？,管线穿、跨越铁路、公路、河流时应当符合哪些规定？
"[['里程桩', '允许', '与阴极保护测试桩结合设置']]",里 程 桩 允 许 怎 么 设 置 ？,请问里程桩可以如何与阴极保护测试桩结合设置？
"[['管线沿线', '应当', '设置里程桩、转角桩、标志桩和警示牌等永久性标志']]",管 线 沿 线 应 当 如 何 设 置 ？,管线沿线应当如何设置永久性标志？
"[['里程桩', '应当', '沿气流前进方向从管线起点至终点每500米连续设置']]",里 程 桩 应 当 如 何 设 置 ？,请问里程桩应该如何沿气流前进方向从管线起点至终点每500米连续设置？
"[['钢制埋地集输管线的设计', '应当符合', '符合国家有关防腐绝缘与阴极保护标准的有关规定']]",钢 制 埋 地 集 输 管 线 的 设 计 应 当 符 合 什 么 ？,钢制埋地集输管线的设计应当符合哪些国家规定？
"[['管线阴级保护达不到规定要求的，经检测确认防腐层发生老化时，煤层气企业', '应当', '及时进行防腐层大修']]",管 线 阴 级 保 护 达 不 到 规 定 要 求 的 ， 经 检 测 确 认 防 腐 层 发 生 老 化 时 ， 煤 层 气 企 业 应 当 如 何 做 ？,当管线阴极保护未达到规定标准，且检测发现防腐层老化时，煤层气企业应该如何处理？
"[['裸露或者架空的管线', '应当', '有良好的防腐绝缘层']]",裸 露 或 者 架 空 的 管 线 应 当 做 什 么 ？,裸露或者架空的管线应该具备什么样的保护措施？
"[['管线', '应当', '定期排水']]",管 线 应 当 如 何 保 养 ？,请问管线应该如何进行定期排水保养？
"[['站场的进出站两端管线', '应当', '加装绝缘接头']]",站 场 的 进 出 站 两 端 管 线 应 当 怎 么 做 ？,请问站场的进出站两端管线应该如何加装绝缘接头？
"[['煤层气企业', '应当', '依据煤层气田地面建设总体规划以及所在地区城镇规划、集输管线走向，结合地形、地貌、工程和水文地质条件，统一规划站场的选址及布局，并远离地质灾害易发区，在站场服务年限内避免受采空区、采动区的影响，确保站场安全']]",请 问 煤 层 气 企 业 应 当 做 什 么 站 场 ？,煤层气企业在进行站场选址和布局时，应当遵循哪些原则以确保站场的安全？
"[['站场', '应当', '布置在人员集中场所及明火或者散发火花地点全年最小频率风向的上风侧']]",站 场 应 当 布 置 在 什 么 地 方 ？,请问站场应该布置在哪些地方？
"[['站场主要设施与周边有关设施的安全距离应当符合下列要求', '应当符合', '与居民区、村镇、公共设施的防火间距不小于30米']]",站 场 主 要 设 施 与 周 边 有 关 设 施 的 安 全 距 离 应 当 符 合 下 列 要 求 ？,请问站场主要设施与周边有关设施的安全距离有哪些具体要求？
"[['站场主要设施与周边有关设施的安全距离应当符合下列要求', '应当符合', '与相邻厂矿企业、35千伏及以上变电所的防火间距不小于30米']]",站 场 主 要 设 施 与 周 边 有 关 设 施 的 安 全 距 离 应 当 符 合 下 列 要 求 ？,请问站场主要设施与周边有关设施的安全距离有哪些具体要求？
"[['站场主要设施与周边有关设施的安全距离应当符合下列要求', '应当符合', '与公路的间距不小于10米']]",站 场 主 要 设 施 与 周 边 有 关 设 施 的 安 全 距 离 应 当 符 合 下 列 要 求 ？,请问站场主要设施与周边有关设施的安全距离有哪些具体要求？
"[['站场主要设施与周边有关设施的安全距离应当符合下列要求', '应当符合', '与铁路线的间距不小于20米']]",站 场 主 要 设 施 与 周 边 有 关 设 施 的 安 全 距 离 应 当 符 合 下 列 要 求 ？,请问站场主要设施与周边有关设施的安全距离有哪些具体要求？
"[['站场主要设施与周边有关设施的安全距离应当符合下列要求', '应当符合', '与架空通信线、架空电力线的间距不小于1.5倍杆高']]",站 场 主 要 设 施 与 周 边 有 关 设 施 的 安 全 距 离 应 当 符 合 下 列 要 求 ？,请问站场主要设施与周边有关设施的安全距离有哪些具体要求？
"[['站场主要设施与周边有关设施的安全距离应当符合下列要求', '应当符合', '与采石场等爆炸作业场地的间距不小于300米']]",站 场 主 要 设 施 与 周 边 有 关 设 施 的 安 全 距 离 应 当 符 合 下 列 要 求 ？,请问站场主要设施与周边有关设施的安全距离有哪些具体要求？
"[['站场内平面布置、防火安全、场内道路交通及与外界公路的连接', '应当符合', '《石油天然气工程设计防火规范》（GB50183）的有关规定。']]",站 场 内 平 面 布 置 符 合 什 么 ？,站场内的平面布置需要符合哪一规范的有关规定？
"[['站场的防洪设计标准', '应当', '综合考虑站场规模和受淹损失等因素']]",站 场 的 防 洪 设 计 标 准 应 当 怎 么 做 ？,站场的防洪设计标准应该如何制定？
"[['集气站重现期', '满足', '10年至25年']]",集 气 站 重 现 期 满 足 什 么 条 件 ？,请问集气站重现期满足的条件是什么？
"[['中心处理站重现期', '满足', '25年至50年']]",中 心 处 理 站 重 现 期 的 满 足 程 度 怎 么 样 ？,中心处理站的重现期满足25年至50年的标准吗？
"[['放空管', '应当', '位于站场生产区最小频率风向的上风侧']]",请 问 放 空 管 应 该 位 于 哪 里 ？,请问放空管应该位于哪里？
"[['其高度', '应当', '比附近建（构）筑物高出2米以上，且总高度不得小于10米']]",请 问 其 高 度 的 总 高 度 是 多 少 ？,请问该建筑物的总高度需要达到多少米？
"[['放空管距站场的距离', '应当', '一般不小于10米']]",你 知 道 放 空 管 距 站 场 的 距 离 是 多 少 吗 ？,请问放空管与站场之间的距离通常应达到多少米？
"[['当放空量大于12000立方米/小时且等于或者小于40000立方米/小时时，放空管距站场的距离', '应当', '不小于40米']]",我 想 知 道 当 放 空 量 大 于 12000 立 方 米 / 小 时 且 等 于 或 者 小 于 4000 吨 重 的 时 候 ， 放 空 管 距 站 场 的 距 离 是 多 少 ？,当放空量大于12000立方米/小时且等于或者小于40000立方米/小时时，放空管距站场的距离应为多少？
"[['站场设备', '应当', '由具备国家规定资质的企业生产']]",站 场 设 备 应 当 由 什 么 公 司 生 产 ？,请问站场设备应当由哪些公司生产？
"[['站场设备', '应当', '有产品合格证书并满足安全要求']]",站 场 设 备 应 当 是 什 么 ？,请问站场设备应当具备哪些条件？
"[['煤层气企业', '应当', '定时记录设备的运转状况，定期分析主要设备的运行状态']]",请 问 煤 层 气 企 业 应 当 做 什 么 ？,请问煤层气企业应当如何定期记录和分析设备运转状况？
"[['安全阀和压力表', '应当', '定期进行校验']]",你 知 道 安 全 阀 和 压 力 表 应 当 怎 么 做 吗 ？,请问安全阀和压力表应当如何定期进行校验？
"[['调节阀、减压阀、高（低）压泄压阀等主要阀门', '应当', '按照相应运行和维护规程进行操作和维护，并按照规定定期校验']]",调 节 阀 、 减 压 阀 、 高 （ 低 ） 压 泄 压 阀 等 主 要 阀 门 应 当 怎 么 做 ？,调节阀、减压阀、高（低）压泄压阀等主要阀门应该如何正确操作和维护，并按照规定进行定期校验？
"[['煤层气企业', '应当', '在站场的进口处设置明显的安全警示牌、进站须知和逃生路线图']]",请 问 煤 层 气 企 业 应 当 做 什 么 ？,请问煤层气企业应当在站场的进口处设置哪些安全设施？
"[['煤层气企业', '应当', '并应当向进入站场的外来人员告知安全注意事项等']]",请 问 煤 层 气 企 业 应 当 做 什 么 ？,请问煤层气企业应当向进入站场的外来人员告知哪些安全注意事项？
"[['站场', '应当', '设置不低于1.7米的非燃烧材料围墙或者围栏，并设置安全警示标志。']]",站 场 应 当 怎 么 做 ？,站场应当如何设置安全围墙或围栏，并放置安全警示标志？
"[['站场内大于或者等于35千伏的变配电站', '应当', '设置不低于1.5米的围栏']]",站 场 内 大 于 或 者 等 于 35 千 伏 的 变 配 电 站 应 当 怎 么 做 ？,35千伏及以上的变配电站需要设置什么样的围栏？
"[['站场的供电负荷和供电电源', '应当', '根据《石油天然气安全规程》（AQ2012）的有关规定确定']]",站 场 的 供 电 负 荷 和 供 电 电 源 应 当 怎 么 做 ？,根据《石油天然气安全规程》（AQ2012）的有关规定，站场的供电负荷和供电电源应该如何确定？
"[['用电设备及线路走向', '应当', '合理']]",用 电 设 备 及 线 路 走 向 应 当 怎 么 做 ？,请问用电设备及线路走向应该如何合理规划？
"[['导体选择及线路敷设', '应当', '符合安全规定']]",导 体 选 择 及 线 路 敷 设 应 当 符 合 什 么 规 定 ？,导体选择及线路敷设应当遵循哪些安全规定？
"[['线路', '应当', '无老化、破损和裸露现象']]",你 知 道 线 路 应 当 做 什 么 吗 ？,请问线路应当保持哪些状态？
"[['配电室', '应当', '有应急照明']]",请 问 配 电 室 应 当 用 于 什 么 ？,请问配电室应当用于什么？
"[['配电室门', '应当', '外开，保持通风良好，并安装挡鼠板']]",请 问 配 电 室 门 应 当 外 开 ？,请问配电室门应当如何安装以确保通风良好并防止老鼠进入？
"[['电缆沟', '应当', '无积水，地沟应当封堵']]",你 知 道 电 缆 沟 应 当 有 积 水 吗 ？,请问电缆沟是否应该保持无积水，并且地沟是否应该被正确封堵？
"[['地沟可燃气体浓度', '应当', '定期检验，避免沟内窜气']]",请 问 地 沟 可 燃 气 体 浓 度 应 当 怎 么 做 ？,地沟可燃气体浓度应该如何定期检验以避免沟内窜气？
"[['煤层气企业', '应当', '编制作业方案，制定安全技术措施']]",煤 层 气 企 业 应 当 如 何 作 业 ？,煤层气企业在进行作业时，需要遵循哪些安全措施和作业方案？
"[['强度试验和气密试验时发现管线泄漏的，煤层气企业', '应当', '查明原因，制定修理方案和安全措施后方可进行修理']]",强 度 试 验 和 气 密 试 验 时 发 现 管 线 泄 漏 的 ， 煤 层 气 企 业 应 当 如 何 修 理 ？,在强度试验和气密试验中发现管线泄漏时，煤层气企业应该如何处理？
"[['压缩机', '应当', '允许煤层气组分、进气压力、进气温度和进气量有一定的波动范围']]",压 缩 机 应 当 允 许 什 么 ？,请问压缩机在运行时，煤层气组分、进气压力、进气温度和进气量可以有一定的波动范围吗？
"[['压缩机启动及事故停车安全联锁', '应当', '完好']]",压 缩 机 启 动 及 事 故 停 车 安 全 联 锁 应 当 如 何 保 存 ？,请问，压缩机启动及事故停车安全联锁应该如何妥善保存？
"[['压缩机的吸入口', '应当', '有防止空气进入的措施']]",压 缩 机 的 吸 入 口 应 当 做 什 么 ？,请问压缩机的吸入口应该采取哪些措施来防止空气进入？
"[['压缩机的各级进口', '应当', '设凝液分离器或者机械杂质过滤器']]",压 缩 机 的 各 级 进 口 应 当 怎 么 做 ？,请问压缩机的各级进口应当设置什么设备？
"[['分离器', '应当', '有排液、液位控制和高液位报警及放空等设施']]",请 问 分 离 器 应 当 用 于 什 么 ？,分离器应当具备哪些设施？
"[['在煤层气脱水装置前', '应当', '设置分离器']]",在 煤 层 气 脱 水 装 置 前 应 当 设 置 什 么 ？,在煤层气脱水装置前应该设置什么？
"[['脱水器前', '应当', '设置安全阀']]",脱 水 器 前 应 当 怎 么 做 ？,在脱水器前应该设置什么？
"[['压缩机的出口管线上的截断阀前', '应当', '设置安全阀']]",压 缩 机 的 出 口 管 线 上 的 截 断 阀 前 应 当 怎 么 做 ？,请问在压缩机的出口管线上的截断阀前应该设置什么？
"[['煤层气脱水装置中，气体管线', '应当', '选用全启式安全阀']]",煤 层 气 脱 水 装 置 中 ， 气 体 管 线 应 当 怎 么 保 养 ？,煤层气脱水装置中，气体管线应该怎样保养？
"[['液体管线', '应当', '选用微启式安全阀']]",液 体 管 线 应 当 怎 么 做 ？,液体管线在安装时应该选择哪种类型的安全阀？
"[['安全阀弹簧', '应当', '具有可靠的防腐蚀性能或者必要的防腐保护措施']]",安 全 阀 弹 簧 应 当 具 有 什 么 ？,安全阀弹簧应当具备哪些特性？
"[['含硫化氢的煤层气', '应当', '脱硫、脱水']]",含 硫 化 氢 的 煤 层 气 应 当 怎 么 做 ？,含硫化氢的煤层气应该如何处理？
"[['因管输产生游离水', '应当', '先脱水、后脱硫']]",因 管 输 产 生 游 离 水 应 当 怎 么 脱 水 ？,因管输产生游离水，应该如何先进行脱水处理？
"[['在煤层气处理及输送过程中使用化学药剂时，煤层气企业', '应当', '严格执行技术操作规程和措施要求']]",在 煤 层 气 处 理 及 输 送 过 程 中 使 用 化 学 药 剂 的 企 业 应 当 遵 循 什 么 ？,在煤层气处理及输送过程中使用化学药剂时，煤层气企业应当遵循哪些技术操作规程和措施要求？
"[['在煤层气处理及输送过程中使用化学药剂时，煤层气企业', '应当', '落实防冻伤、防中毒和防化学伤害等措施']]",在 煤 层 气 处 理 及 输 送 过 程 中 使 用 化 学 药 剂 的 企 业 应 当 注 意 什 么 ？,在煤层气处理及输送过程中使用化学药剂时，煤层气企业应当注意哪些安全措施？
"[['煤层气企业', '应当', '在脱硫溶液系统中设过滤器']]",煤 层 气 企 业 应 当 怎 么 做 ？,煤层气企业应当在脱硫溶液系统中设置什么？
"[['进脱硫装置的原料气总管线和再生塔', '应当', '设安全阀']]",进 脱 硫 装 置 的 原 料 气 总 管 线 和 再 生 塔 应 当 怎 么 做 ？,进脱硫装置的原料气总管线和再生塔应该设置什么安全措施？
"[['液硫储罐最高液位之上', '应当', '设置灭火蒸汽管']]",液 硫 储 罐 最 高 液 位 之 上 应 当 怎 么 做 ？,液硫储罐在最高液位之上应该如何设置灭火蒸汽管？
"[['储罐四周', '应当', '设置闭合的不燃烧材料防护墙']]",储 罐 四 周 应 当 怎 么 做 ？,储罐四周应当设置什么样的防护墙？
"[['防护墙', '应当', '为1米']]",防 护 墙 的 高 度 是 多 少 ？,请问防护墙的高度应该是多少？
"[['防护墙', '应当', '设置相应的消防设施']]",防 护 墙 应 当 如 何 保 护 ？,请问防护墙应当如何设置相应的消防设施？
"[['在含硫容器内作业时，煤层气企业', '应当', '进行有毒气体测试']]",在 含 硫 容 器 内 作 业 时 ， 煤 层 气 企 业 应 当 注 意 什 么 ？,在含硫容器内作业时，煤层气企业应当注意什么？
"[['在含硫容器内作业时，煤层气企业', '设置', '正压式空气呼吸器']]",你 知 道 在 含 硫 容 器 内 作 业 时 ， 煤 层 气 企 业 的 设 置 吗 ？,请问在含硫容器内作业时，煤层气企业需要设置什么安全设备？
"[['集输系统投产', '应当符合', '管线与设备的严密性试验合格']]",集 输 系 统 投 产 符 合 什 么 ？,集输系统投产需要满足什么条件？
"[['集输系统投产', '应当符合', '各单体设备、分系统试运行正常，设备工作状态良好，集输系统整体联合试运行正常']]",集 输 系 统 投 产 符 合 什 么 ？,集输系统投产需要满足哪些条件？
"[['集输系统投产', '应当符合', '集气管线全线进行试压、清管']]",集 输 系 统 投 产 符 合 什 么 ？,集输系统投产需要满足哪些条件？
"[['集输系统投产', '应当符合', '制定安全措施和应急预案']]",集 输 系 统 投 产 符 合 什 么 ？,集输系统投产需要符合哪些安全措施和应急预案？
"[['管线投运前，煤层气企业', '应当', '对管线内的空气进行置换，避免空气与煤层气混合']]",管 线 投 运 前 ， 煤 层 气 企 业 应 当 怎 么 做 ？,在管线投运前，煤层气企业应该如何处理管线内的空气，以防止空气与煤层气混合？
"[['置换过程中的混合气体', '应当', '利用放空系统放空']]",置 换 过 程 中 的 混 合 气 体 应 当 怎 么 做 ？,在置换过程中，混合气体应该如何处理？
"[['置换过程中的混合气体', '应当', '隔离区并禁止烟火']]",置 换 过 程 中 的 混 合 气 体 应 当 怎 么 做 ？,在置换过程中，混合气体应该如何处理？
"[['进行氮气置换时', '应当', '不低于5摄氏度']]",进 行 氮 气 置 换 时 的 温 度 应 该 是 多 少 ？,进行氮气置换时，温度应该控制在多少度以上？
"[['排放氮气时', '应当', '防止大量氮气聚集造成人员窒息，管线中氮气量过大时应当提前进行多点排放']]",排 放 氮 气 时 应 当 注 意 什 么 ？,排放氮气时需要注意什么？
"[['对管线的监控', '应当符合', '对重要工艺参数及工作状态进行连续检测和记录']]",对 管 线 的 监 控 符 合 什 么 ？,对管线的监控应当符合哪些要求？
"[['对管线的监控', '应当符合', '根据沿线情况定期对集输管线进行巡线检查，但每季度至少徒步巡查一次']]",对 管 线 的 监 控 符 合 什 么 ？,对管线的监控应当符合什么标准？
"[['对管线的监控', '应当符合', '定时巡查线路分水器，及时排放污水，并有防止冰冻的措施（四）在雨季、汛期或者其他灾害发生后加密巡查']]",对 管 线 的 监 控 应 当 符 合 什 么 ？,对管线的监控应当符合哪些具体要求？
"[['对管线的监控', '应当符合', '定期对装有阴极保护设施的管线保护电位进行测试']]",对 管 线 的 监 控 应 当 符 合 什 么 ？,对管线的监控应当符合什么标准？
"[['对站场的监控', '应当符合', '压力、计量仪表灵敏准确，设备、管汇无渗漏。根据集输流程分布情况，在站场设置限压放空和压力高、低限报警设施']]",对 站 场 的 监 控 符 合 什 么 ？,对站场的监控应当符合哪些标准？
"[['对站场的监控', '应当符合', '定时巡查站场内的分离器，及时将污水排放，并有防止冰冻的措施']]",对 站 场 的 监 控 应 当 符 合 什 么 ？,对站场的监控应当符合哪些具体要求？
"[['对站场的监控', '应当符合', '站场工艺装置区、计量工作间等位于爆炸危险区域内的电气设备及照明采用防爆电器，其选型、安装和电气线路的布置符合《爆炸和火灾危险环境电力装置设计规范》（GB50058）的规定']]",对 站 场 的 监 控 符 合 什 么 ？,对站场的监控应当符合什么规定？
"[['维护与抢修时', '应当', '制定相应的维护与抢修安全措施和实施方案']]",维 护 与 抢 修 时 应 当 如 何 ？,在维护与抢修时，我们应该制定哪些安全措施和实施方案？
"[['维护与抢修时', '应当', '合理配备专职维护与抢修队伍']]",维 护 与 抢 修 时 应 当 怎 么 做 ？,在维护与抢修时，应该如何合理地配备专职的维护与抢修队伍？
"[['维护与抢修时', '应当', '抢修物资装备']]",维 护 与 抢 修 时 应 当 做 什 么 ？,在维护与抢修时，我们应该准备哪些抢修物资装备？
"[['维护与抢修现场', '应当', '采取保护措施，划分安全界限，设置警戒线、警示牌。进入作业场地的人员应当穿戴劳动防护用品。与作业无关的人员不得进入警戒区内']]",维 护 与 抢 修 现 场 应 当 如 何 保 护 ？,在维护与抢修现场，我们应该采取哪些保护措施来确保安全？
"[['压缩站厂房建筑', '应当符合', '压缩机地基基础满足设计载荷要求']]",压 缩 站 厂 房 建 筑 应 当 符 合 什 么 ？,压缩站厂房建筑应当符合什么要求？
"[['压缩站厂房建筑', '应当符合', '阀组间、压缩机等厂房使用耐火材料，采用不发火地面']]",压 缩 站 厂 房 建 筑 应 当 符 合 什 么 ？,压缩站厂房建筑应当符合哪些标准？
"[['压缩站厂房建筑', '应当符合', '阀组间、压缩机等厂房的门窗向外开启，建筑面积大于100平方米的厂房至少有两个疏散门，并保持通道畅通']]",压 缩 站 厂 房 建 筑 应 当 符 合 什 么 ？,压缩站厂房建筑应当符合哪些安全规定？
"[['压缩站厂房建筑', '应当符合', '阀组间、压缩机等厂房设置通风设备']]",压 缩 站 厂 房 建 筑 应 当 符 合 什 么 ？,压缩站厂房建筑应当符合哪些标准？
"[['压缩工艺流程设计', '应当', '根据输气系统工艺要求，满足气体的除尘、分液、增压、冷却和机组的启动、停机、正常操作及安全保护等要求']]",压 缩 工 艺 流 程 设 计 应 当 如 何 ？,在压缩工艺流程设计中，我们应当如何确保满足气体的除尘、分液、增压、冷却以及机组的启动、停机、正常操作和安全保护等要求？
"[['煤层气处理后', '应当', '符合压缩机组对气质的技术要求']]",煤 层 气 处 理 后 应 当 做 什 么 ？,煤层气处理后需要达到什么标准？
"[['压缩机', '应当符合', '压缩机组有紧急停车和安全保护联锁装置']]",压 缩 机 应 当 符 合 什 么 ？,压缩机组应当符合哪些安全要求？
"[['压缩机', '应当符合', '压缩机控制系统设置压力、温度显示与保护联动装置']]",压 缩 机 应 当 符 合 什 么 ？,请问压缩机应当符合哪些设置？
"[['压缩机', '应当符合', '压缩机前设置缓冲罐']]",压 缩 机 应 当 符 合 什 么 ？,请问压缩机应当符合什么条件？
"[['压缩机', '应当符合', '煤层气压缩机单排布置']]",压 缩 机 应 当 符 合 什 么 ？,请问压缩机应当符合什么标准？
"[['压缩机', '应当符合', '在高寒地区或者风沙地区压缩机组采用封闭式厂房，其他地区采用敞开式或者半敞开式厂房']]",压 缩 机 应 当 符 合 什 么 ？,请问压缩机的设计应当符合哪些条件？
"[['新安装或者检修投运压缩机系统装置前，煤层气企业', '应当', '对机泵、管线、容器、装置进行系统氮气置换']]",新 安 装 或 者 检 修 投 运 压 缩 机 系 统 装 置 前 ， 煤 层 气 企 业 应 当 做 什 么 ？,在安装或检修并准备投入使用压缩机系统装置之前，煤层气企业需要采取哪些安全措施？
"[['设置压缩机组的吸气、排气和泄气管线时', '应当', '避免管线的振动对建筑物造成有害影响']]",设 置 压 缩 机 组 的 吸 气 、 排 气 和 泄 气 管 线 时 应 当 注 意 什 么 ？,设置压缩机组的吸气、排气和泄气管线时，需要注意什么以避免对建筑物造成有害影响？
"[['设置压缩机组的吸气、排气和泄气管线时', '应当', '有防止空气进入吸气管线的措施']]",设 置 压 缩 机 组 的 吸 气 、 排 气 和 泄 气 管 线 时 应 当 注 意 什 么 ？,在安装压缩机组的吸气、排气和泄气管线时，需要注意哪些防止空气进入吸气管线的措施？
"[['必要时高压排出管线', '应当', '设单向阀']]",必 要 时 高 压 排 出 管 线 应 当 怎 么 做 ？,在必要时，高压排出管线应该如何处理？
"[['压缩机与站内其他建（构）筑物的防火间距', '应当符合', '《石油天然气工程设计防火规范》的规定']]",压 缩 机 与 站 内 其 他 建 （ 构 ） 筑 物 的 防 火 间 距 符 合 什 么 ？,请问压缩机与站内其他建（构）筑物的防火间距应当符合什么规定？
"[['压缩机组运行时', '应当符合', '压缩机级间设置安全阀，安全阀的泄放能力不得小于压缩机的安全泄放量']]",压 缩 机 组 运 行 时 应 当 符 合 什 么 ？,请问在运行时，压缩机组需要满足哪些安全条件？
"[['压缩机组运行时', '应当符合', '压缩机进、出口设置高、低压报警和停机装置，冷却系统设置温度报警及停车装置，润滑油系统设置低压报警及停机装置']]",压 缩 机 组 运 行 时 应 当 符 合 什 么 ？,在运行时，压缩机组需要满足哪些安全装置和报警系统的要求？
"[['压缩机气液处理', '应当符合', '压缩机的卸载排气不得对外放散']]",压 缩 机 气 液 处 理 应 当 符 合 什 么 ？,请问压缩机气液处理应当符合什么标准？
"[['压缩机气液处理', '应当符合', '回收气可以输送至压缩机进口缓冲罐']]",压 缩 机 气 液 处 理 应 当 符 合 什 么 ？,压缩机气液处理应当符合什么标准？
"[['压缩机气液处理', '应当符合', '对压缩机排出的冷凝液进行集中处理']]",压 缩 机 气 液 处 理 应 当 符 合 什 么 ？,压缩机气液处理应当符合什么标准？
"[['压缩煤层气储气设备', '应当符合', '储气瓶符合国家有关安全规定和标准']]",压 缩 煤 层 气 储 气 设 备 应 当 符 合 什 么 ？,压缩煤层气储气设备应当符合哪些国家安全规定和标准？
"[['压缩煤层气储气设备', '应当符合', '储气井的设计、建造和检验符合国家有关高压气地下储气井标准的规定']]",压 缩 煤 层 气 储 气 设 备 应 当 符 合 什 么 ？,压缩煤层气储气设备应当符合哪些规定？
"[['压缩煤层气储气设备', '应当符合', '储气瓶组或者储气井与站内汽车通道相邻一侧，设置安全防撞拦或者采取其他防撞设施']]",压 缩 煤 层 气 储 气 设 备 应 当 符 合 什 么 ？,压缩煤层气储气设备应当符合哪些安全标准？
"[['压缩煤层气储气设备', '应当符合', '储气瓶组（储气井）进气总管上设置安全阀及紧急放空管、压力表；每个储气瓶（井）出口设置截止阀']]",压 缩 煤 层 气 储 气 设 备 应 当 符 合 什 么 ？,压缩煤层气储气设备需要满足哪些安全要求？
"[['煤层气压力储罐（球罐、卧式罐）', '应当', '安装紧急放空、安全泄压设施及压力仪表']]",煤 层 气 压 力 储 罐 应 当 怎 么 做 ？,煤层气压力储罐（包括球罐和卧式罐）在安装时应该包括哪些安全设施和压力监测设备？
"[['煤层气储罐（柜）检修动火时', '应当', '经放空、清洗、强制通风，并检验气体中甲烷浓度（低于0.5%为合格）']]",煤 层 气 储 罐 （ 柜 ） 检 修 动 火 时 应 当 经 过 什 么 程 序 ？,煤层气储罐（柜）检修动火时，需要遵循哪些安全程序？
"[['煤层气企业', '应当', '对煤层气储罐定期检测']]",煤 层 气 企 业 应 当 怎 么 做 ？,煤层气企业应当如何对煤层气储罐进行定期检测？
"[['煤层气储罐区', '应当', '有明显的安全警示标志']]",请 问 煤 层 气 储 罐 区 应 当 做 什 么 ？,煤层气储罐区应当设置哪些安全警示标志？
"[['固定式储罐', '应当', '有喷淋水或者遮阳设施']]",请 问 固 定 式 储 罐 应 当 用 于 什 么 ？,请问固定式储罐应当配备哪些安全设施？
"[['固定式储罐', '应当', '有保温防冻措施']]",你 知 道 固 定 式 储 罐 应 当 做 什 么 吗 ？,请问固定式储罐应当采取哪些措施来保证其性能？
"[['压缩煤层气加气机', '不得', '设在室内']]",压 缩 煤 层 气 加 气 机 不 得 设 在 什 么 地 方 ？,请问压缩煤层气加气机不得设置在哪些地方？
"[['加气机附近', '应当', '设置防撞柱（栏）']]",加 气 机 附 近 应 当 设 置 什 么 ？,请问在加气机附近应该设置什么？
"[['寒冷地区', '应当', '选用适合当地环境温度条件的加气机']]",寒 冷 地 区 应 当 注 意 什 么 ？,在寒冷地区，我们应当注意什么？
"[['加气机的加气软管及软管接头', '应当', '选用具有抗腐蚀性能的材料']]",加 气 机 的 加 气 软 管 及 软 管 接 头 应 当 怎 么 做 ？,加气机的加气软管及软管接头应该选用什么材料？
"[['加气软管上', '应当', '设置拉断阀']]",请 问 加 气 软 管 上 应 当 做 什 么 ？,请问在加气软管上应该设置什么？
"[['拉断阀在外力作用下分开后，两端', '应当', '自行密封']]",拉 断 阀 在 外 力 作 用 下 分 开 后 ， 两 端 应 当 怎 么 做 ？,拉断阀在外力作用下分开后，两端应该如何自行密封？
"[['进站管线上', '应当', '设置紧急截断阀']]",进 站 管 线 上 应 当 怎 么 做 ？,进站管线上应该设置什么？
"[['手动紧急截断阀的位置', '应当', '便于发生事故时及时切断气源']]",你 知 道 手 动 紧 急 截 断 阀 的 位 置 是 什 么 吗 ？,请问手动紧急截断阀的位置应当在哪里，以便在发生事故时能够及时切断气源？
"[['储气瓶组（储气井）与加气枪之间', '应当', '设储气瓶组（储气井）截断阀、主截断阀、紧急截断阀和加气截断阀']]",请 问 储 气 瓶 组 （ 储 气 井 ） 与 加 气 枪 之 间 应 当 设 置 什 么 ？,在储气瓶组（储气井）与加气枪之间，应该设置哪些阀门？
"[['工艺安全及监控系统', '应当符合', '在站场压力设备和容器上设置安全阀']]",工 艺 安 全 及 监 控 系 统 应 当 符 合 什 么 ？,工艺安全及监控系统应当符合什么标准？
"[['工艺安全及监控系统', '应当符合', '当工艺管线、设备或者容器排污可能释放出大量气体时，将其引入分离设备，分出的气体引入气体放空系统，液体引入储罐或者处理系统']]",工 艺 安 全 及 监 控 系 统 应 当 符 合 什 么 ？,工艺安全及监控系统应当符合什么标准？
"[['工艺安全及监控系统', '应当符合', '每台压缩机有独立的温度和压力保护装置；（四）压缩站在管线进站截断阀上游和出站截断阀下游设置限压泄放设施']]",工 艺 安 全 及 监 控 系 统 应 当 符 合 什 么 ？,工艺安全及监控系统需要满足哪些具体要求？
"[['站场供电和电气安全', '应当符合', '站场的消防、通信、控制、仪表等使用不间断电源或者双回路供电，消防、控制、配电等重要场所设置应急照明']]",站 场 供 电 和 电 气 安 全 应 当 符 合 什 么 ？,站场的供电和电气安全应当符合哪些具体要求？
"[['站场供电和电气安全', '应当符合', '站场内管汇、阀组、压缩机等爆炸危险区域必须使用防爆电气设施，电气线路使用阻燃电缆，线路的敷设采取防爆安全措施']]",站 场 供 电 和 电 气 安 全 应 当 符 合 什 么 ？,站场供电和电气安全应当符合哪些具体要求？
"[['站场供电和电气安全', '应当符合', '配电室有防水、防鼠措施，安装挡鼠板，安全通道畅通，指示标志明显']]",站 场 供 电 和 电 气 安 全 应 当 符 合 什 么 ？,请问站场供电和电气安全应当符合哪些具体要求？
"[['压缩站的防爆', '应当符合', '压缩站按照防爆安全要求划分爆炸危险场所']]",压 缩 站 的 防 爆 符 合 什 么 ？,压缩站的防爆应当符合什么要求？
"[['压缩站的防爆', '应当符合', '使用防爆电气设备前，检查其产品合格证、产品安全标志及其安全性能，检查合格并签发合格证后方可使用']]",压 缩 站 的 防 爆 应 当 符 合 什 么 ？,压缩站的防爆应当符合什么标准？
"[['压缩站的防爆', '应当符合', '防爆电气设备安装、检查、保养、检修由具有专业资格的人员操作，并在机房、调配区设置“爆炸危险场所”标志牌']]",压 缩 站 的 防 爆 符 合 什 么 ？,压缩站的防爆应当符合什么标准？
"[['压缩站的防爆', '应当符合', '固定电气设备安装稳固，防止外力碰撞、损伤']]",压 缩 站 的 防 爆 符 合 什 么 ？,压缩站的防爆应当符合哪些标准？
"[['压缩站内电气设备', '应当符合', '整洁，部件齐全紧固，无松动、无损伤、无机械变形，场所清洁、无杂物和易燃物品']]",压 缩 站 内 电 气 设 备 应 当 符 合 什 么 ？,压缩站内电气设备应当符合哪些标准？
"[['压缩站内电气设备', '应当符合', '电缆进线装置密封可靠，空余接线孔封闭符合要求']]",压 缩 站 内 电 气 设 备 应 当 符 合 什 么 ？,压缩站内电气设备应当符合哪些标准？
"[['压缩站内电气设备', '应当符合', '设备保护、联锁、检测、报警、接地等装置齐全完整']]",压 缩 站 内 电 气 设 备 应 当 符 合 什 么 ？,压缩站内的电气设备需要满足哪些条件？
"[['压缩站内电气设备', '应当符合', '防爆灯具的防爆结构、保护罩保持完整']]",压 缩 站 内 电 气 设 备 应 当 符 合 什 么 ？,压缩站内的电气设备应当符合哪些标准？
"[['压缩站内电气设备', '应当符合', '接地端子接触良好，无松动、无折断、无腐蚀']]",压 缩 站 内 电 气 设 备 应 当 符 合 什 么 ？,压缩站内电气设备应当符合哪些标准？
"[['压缩站内电气设备', '应当符合', '应急照明设施符合防爆要求']]",压 缩 站 内 电 气 设 备 应 当 符 合 什 么 ？,压缩站内的电气设备应当符合什么标准？
"[['防爆电气设备检查检修时', '应当符合', '日常检查中严禁带电打开设备的密封盒、接线盒、进线装置、隔离密封盒等']]",防 爆 电 气 设 备 检 查 检 修 时 应 当 符 合 什 么 ？,防爆电气设备在检查和检修时，应该遵循哪些安全规定？
"[['防爆电气设备检查检修时', '应当符合', '禁止带电检修或者移动电气设备、线路、拆装防爆灯具和更换防爆灯泡、灯管']]",防 爆 电 气 设 备 检 查 检 修 时 应 当 符 合 什 么 ？,防爆电气设备在检查检修时，需要遵守哪些安全规定？
"[['防爆电气设备检查检修时', '应当符合', '断电处悬挂警告牌']]",防 爆 电 气 设 备 检 查 检 修 时 应 当 符 合 什 么 ？,防爆电气设备在检查和检修时，应该遵循哪些安全规定？
"[['防爆电气设备检查检修时', '应当符合', '禁止用水冲洗防爆电气设备']]",防 爆 电 气 设 备 检 查 检 修 时 应 当 符 合 什 么 ？,防爆电气设备在检查和检修时，应该遵循哪些安全规定？
"[['防爆电气设备检查检修时', '应当符合', '对检修现场的电源电缆线头进行防爆处理']]",防 爆 电 气 设 备 检 查 检 修 时 应 当 符 合 什 么 ？,防爆电气设备检查检修时，需要符合哪些标准？
"[['防爆电气设备检查检修时', '应当符合', '检修带有电容、电感、探测头等储能元件的防爆设备时，在按照规定放尽能量后方可作业']]",防 爆 电 气 设 备 检 查 检 修 时 应 当 符 合 什 么 ？,防爆电气设备检查检修时应当符合什么规定？
"[['防爆电气设备检查检修时', '应当符合', '检修过程中不得损伤防爆设备的隔爆面']]",防 爆 电 气 设 备 检 查 检 修 时 应 当 符 合 什 么 ？,防爆电气设备在检查和检修时，需要遵循哪些具体要求？
"[['防爆电气设备检查检修时', '应当符合', '紧固螺栓不得任意调换或者缺少']]",防 爆 电 气 设 备 检 查 检 修 时 应 当 符 合 什 么 ？,防爆电气设备在检查和检修时，需要遵循哪些紧固螺栓的规范？
"[['防爆电气设备检查检修时', '应当符合', '记录检修项目、内容、测试结果、零部件更换、缺陷处理等情况，并归档保存']]",防 爆 电 气 设 备 检 查 检 修 时 应 当 符 合 什 么 ？,防爆电气设备检查检修时应当符合哪些具体要求？
"[['操作压缩机时', '应当符合', '定时进行设备和仪表的日常巡检与维护，确保其完好']]",操 作 压 缩 机 时 应 当 符 合 什 么 ？,在操作压缩机时，我们需要遵循哪些规定来确保设备和仪表的日常巡检与维护，从而保证其正常运行？
"[['操作压缩机时', '应当符合', '定期校验安全阀、压力表，确保其准确性']]",操 作 压 缩 机 时 应 当 符 合 什 么 ？,在操作压缩机时，我们需要遵守哪些安全规定？
"[['操作压缩机时', '应当符合', '开机前检查注油器和机身的油量是否达到开机要求，电气设备是否完好，煤层气泄露监测系统自检有无问题，管线是否松动，阀门及法兰是否有漏气、漏水现象，阀门是否在正确位置，电机有无卡塞情况']]",操 作 压 缩 机 时 应 当 符 合 什 么 ？,操作压缩机时，我们需要注意哪些安全检查步骤？
"[['操作压缩机时', '应当符合', '操作时严格执行设备操作规程，注意高温管线，防止烫伤，防止超压、超温及机件损坏']]",操 作 压 缩 机 时 应 当 符 合 什 么 ？,在操作压缩机时，我们需要遵循哪些安全操作规程？
"[['操作压缩机时', '应当符合', '机器运转过程中随时检查气压、水压、电压、排气温度以及压缩机的振动强度，发现问题及时处理']]",操 作 压 缩 机 时 应 当 符 合 什 么 ？,在操作压缩机时，我们需要注意哪些事项？
"[['操作压缩机时', '应当符合', '压缩机运转过程中观察每一级的气体温度和循环水的温度']]",操 作 压 缩 机 时 应 当 符 合 什 么 ？,在操作压缩机时，我们需要注意哪些关键的观察点？
"[['操作压缩机时', '应当符合', '压缩机运转过程中按照规定排污，并密切注意末级排气压力；当压力达到一定值时，及时告知加气工；发生不正常的响声或者压力、温度超出允许范围时，立即停机检查，排除故障；出现紧急情况时，按照事故紧急处理预案进行处理']]",操 作 压 缩 机 时 应 当 符 合 什 么 ？,在操作压缩机时，我们需要遵循哪些安全与操作规程？
"[['清洗设备、器具时', '应当符合', '严禁使用汽油、苯等易燃品清洗设备、器具和地坪']]",清 洗 设 备 、 器 具 时 应 当 符 合 什 么 ？,清洗设备、器具时，应该遵守哪些规定？
"[['清洗设备、器具时', '应当符合', '严禁使用压缩气体清扫储存易燃油品油罐']]",清 洗 设 备 、 器 具 时 应 当 符 合 什 么 ？,清洗设备、器具时应当遵守哪些规定？
"[['清洗设备、器具时', '应当符合', '严禁使用化纤、塑料、丝绸等容易产生静电的制品擦拭物体及设备']]",清 洗 设 备 、 器 具 时 应 当 符 合 什 么 ？,清洗设备、器具时，应该遵循哪些规定？
"[['清洗设备、器具时', '应当符合', '清洗设备时，作业人员按照规定着装并消除人体静电']]",清 洗 设 备 、 器 具 时 应 当 符 合 什 么 ？,清洗设备、器具时应当符合什么规定？
"[['人员着装和防静电', '应当符合', '进入爆炸危险场所，穿着有劳动安全标志的防静电服、棉布工作服和防静电鞋']]",人 员 着 装 和 防 静 电 应 当 符 合 什 么 ？,请问进入爆炸危险场所时，人员着装和防静电应当符合哪些要求？
"[['人员着装和防静电', '应当符合', '进入爆炸危险场所前，预先触摸人体消静电球']]",人 员 着 装 和 防 静 电 应 当 符 合 什 么 ？,在进入爆炸危险场所之前，人员着装和防静电应该遵循哪些规定？
"[['人员着装和防静电', '应当符合', '严禁在爆炸危险场所穿衣、脱衣、拍打服装以及梳头、打闹等']]",人 员 着 装 和 防 静 电 应 当 符 合 什 么 ？,在爆炸危险场所，人员着装和防静电应当遵守哪些规定？
"[['人员着装和防静电', '应当符合', '爆炸危险场所的地坪不得涂刷绝缘油漆，或者铺设非导静电的材料']]",人 员 着 装 和 防 静 电 应 当 符 合 什 么 ？,人员在爆炸危险场所的着装和防静电措施需要遵循哪些规定？
"[['人员操作', '应当符合', '经过本工种专业安全培训，通过考试取得合格证后，持证上岗']]",人 员 操 作 应 当 符 合 什 么 ？,人员操作应当符合什么条件？
"[['人员操作', '应当符合', '掌握岗位应急预案的执行程序，遇到紧急情况，能够按照应急措施迅速作出处理']]",人 员 操 作 应 当 符 合 什 么 ？,人员操作应当符合什么标准？
"[['人员操作', '应当符合', '熟悉本岗位装置的工作原理、构造、性能、技术特征、零部件的名称和作用']]",人 员 操 作 应 当 符 合 什 么 ？,操作人员应当符合哪些要求？
"[['人员操作', '应当符合', '熟悉本岗位电气控制设备的操作方法和有关的电气基本知识']]",人 员 操 作 应 当 符 合 什 么 ？,人员操作应当符合哪些要求？
"[['人员操作', '应当符合', '按照规定穿好工作服，并佩戴有关劳动防护用品']]",人 员 操 作 应 当 符 合 什 么 ？,在进行人员操作时，应当符合哪些规定？
"[['人员操作', '应当符合', '排污时严禁操作人员将手伸向排污口']]",人 员 操 作 应 当 符 合 什 么 ？,在进行排污操作时，操作人员应该遵循哪些安全规范？
"[['人员操作', '应当符合', '排污时发现异常情况立即报告，由专业人员处理']]",人 员 操 作 应 当 符 合 什 么 ？,在操作过程中，人员应当遵循哪些规定？
